optimisation,n,block_size,repeat,elapsed_seconds,logdet_library,logdet_factor,relative_difference_percent
cache_blocked_1,2000,1,0,3.53229870999348349869,,,
cache_blocked_1,2000,1,1,3.53435491998970974237,,,
cache_blocked_1,2000,1,2,3.53285277199756819755,,,
cache_blocked_1,2000,2,0,1.38628683399292640388,,,
cache_blocked_1,2000,2,1,1.3863043139863293618,,,
cache_blocked_1,2000,2,2,1.38653694500681012869,,,
cache_blocked_1,2000,3,0,1.07104808099393267184,,,
cache_blocked_1,2000,3,1,1.07113681199552956969,,,
cache_blocked_1,2000,3,2,1.07117171700519975275,,,
cache_blocked_1,2000,4,0,0.967786289009382016957,,,
cache_blocked_1,2000,4,1,0.968855398998130112886,,,
cache_blocked_1,2000,4,2,0.96850347300642170012,,,
cache_blocked_1,2000,5,0,0.912416040999232791364,,,
cache_blocked_1,2000,5,1,0.912347593999584205449,,,
cache_blocked_1,2000,5,2,0.912124675000086426735,,,
cache_blocked_1,2000,6,0,0.934727905987529084086,,,
cache_blocked_1,2000,6,1,0.93538003500725608319,,,
cache_blocked_1,2000,6,2,0.935302479992969892919,,,
cache_blocked_1,2000,7,0,1.05963195300137158483,,,
cache_blocked_1,2000,7,1,1.04738099200767464936,,,
cache_blocked_1,2000,7,2,1.04838071200356353074,,,
cache_blocked_1,2000,8,0,0.924008254005457274616,,,
cache_blocked_1,2000,8,1,0.85763024700281675905,,,
cache_blocked_1,2000,8,2,0.930218423993210308254,,,
cache_blocked_1,2000,9,0,0.83604133600601926446,,,
cache_blocked_1,2000,9,1,0.83643089899851474911,,,
cache_blocked_1,2000,9,2,0.836915421998128294945,,,
cache_blocked_1,2000,10,0,0.822790897000231780112,,,
cache_blocked_1,2000,10,1,0.828646228997968137264,,,
cache_blocked_1,2000,10,2,0.823901344003388658166,,,
cache_blocked_1,2000,11,0,0.814157656001043505967,,,
cache_blocked_1,2000,11,1,0.814458056993316859007,,,
cache_blocked_1,2000,11,2,0.814822569998796097934,,,
cache_blocked_1,2000,12,0,0.80389063699112739414,,,
cache_blocked_1,2000,12,1,0.804084542003693059087,,,
cache_blocked_1,2000,12,2,0.804657554006553255022,,,
cache_blocked_1,2000,13,0,0.79772873899491969496,,,
cache_blocked_1,2000,13,1,0.797796316008316352963,,,
cache_blocked_1,2000,13,2,0.798087604998727329075,,,
cache_blocked_1,2000,14,0,0.792817442008526995778,,,
cache_blocked_1,2000,14,1,0.791591010987758636475,,,
cache_blocked_1,2000,14,2,0.791692697006510570645,,,
cache_blocked_1,2000,15,0,0.822933346993522718549,,,
cache_blocked_1,2000,15,1,0.82291986500786151737,,,
cache_blocked_1,2000,15,2,0.822842626002966426313,,,
cache_blocked_1,2000,16,0,0.813267818986787460744,,,
cache_blocked_1,2000,16,1,0.813339194006402976811,,,
cache_blocked_1,2000,16,2,0.81405333800648804754,,,
cache_blocked_1,2000,17,0,0.80638469099358189851,,,
cache_blocked_1,2000,17,1,0.806539094002800993621,,,
cache_blocked_1,2000,17,2,0.806417086001602001488,,,
cache_blocked_1,2000,18,0,0.799513046003994531929,,,
cache_blocked_1,2000,18,1,0.800279761999263428152,,,
cache_blocked_1,2000,18,2,0.800065304996678605676,,,
cache_blocked_1,2000,19,0,0.79404622100992128253,,,
cache_blocked_1,2000,19,1,0.793962146999547258019,,,
cache_blocked_1,2000,19,2,0.794578475004527717829,,,
cache_blocked_1,2000,20,0,0.788790232996689155698,,,
cache_blocked_1,2000,20,1,0.788546361989574506879,,,
cache_blocked_1,2000,20,2,0.788345654000295326114,,,
cache_blocked_1,2000,21,0,0.784695662005105987191,,,
cache_blocked_1,2000,21,1,0.785447476999252103269,,,
cache_blocked_1,2000,21,2,0.784732785003143362701,,,
cache_blocked_1,2000,22,0,0.780598315992392599583,,,
cache_blocked_1,2000,22,1,0.780292020004708319902,,,
cache_blocked_1,2000,22,2,0.783099402993684634566,,,
cache_blocked_1,2000,23,0,0.776884404011070728302,,,
cache_blocked_1,2000,23,1,0.777787833998445421457,,,
cache_blocked_1,2000,23,2,0.777462387006380595267,,,
cache_blocked_1,2000,24,0,0.773974007999640889466,,,
cache_blocked_1,2000,24,1,0.773807554011000320315,,,
cache_blocked_1,2000,24,2,0.773519385998952202499,,,
cache_blocked_1,2000,25,0,0.771017304999986663461,,,
cache_blocked_1,2000,25,1,0.770540241006528958678,,,
cache_blocked_1,2000,25,2,0.770797935998416505754,,,
cache_blocked_1,2000,26,0,0.768091970996465533972,,,
cache_blocked_1,2000,26,1,0.768156575999455526471,,,
cache_blocked_1,2000,26,2,0.768733977994997985661,,,
cache_blocked_1,2000,27,0,0.76667396200355142355,,,
cache_blocked_1,2000,27,1,0.766716383994207717478,,,
cache_blocked_1,2000,27,2,0.766695223006536252797,,,
cache_blocked_1,2000,28,0,0.766669956996338441968,,,
cache_blocked_1,2000,28,1,0.766748975001974031329,,,
cache_blocked_1,2000,28,2,0.766880815994227305055,,,
cache_blocked_1,2000,29,0,0.770419403008418157697,,,
cache_blocked_1,2000,29,1,0.770618063004803843796,,,
cache_blocked_1,2000,29,2,0.770812873000977560878,,,
cache_blocked_1,2000,30,0,0.779915252001956105232,,,
cache_blocked_1,2000,30,1,0.779658429004484787583,,,
cache_blocked_1,2000,30,2,0.780165944001055322587,,,
cache_blocked_1,2000,31,0,0.786439998002606444061,,,
cache_blocked_1,2000,31,1,0.786310280003817752004,,,
cache_blocked_1,2000,31,2,0.786428835999686270952,,,
cache_blocked_1,2000,32,0,0.789937212000950239599,,,
cache_blocked_1,2000,32,1,0.789922901996760629117,,,
cache_blocked_1,2000,32,2,0.789904623001348227262,,,
cache_blocked_1,2000,33,0,0.794406397006241604686,,,
cache_blocked_1,2000,33,1,0.794772802997613325715,,,
cache_blocked_1,2000,33,2,0.794810524006607010961,,,
cache_blocked_1,2000,34,0,0.797336976000224240124,,,
cache_blocked_1,2000,34,1,0.797243894994608126581,,,
cache_blocked_1,2000,34,2,0.797241792010026983917,,,
cache_blocked_1,2000,35,0,0.803698888004873879254,,,
cache_blocked_1,2000,35,1,0.807243361996370367706,,,
cache_blocked_1,2000,35,2,0.803656250995118170977,,,
cache_blocked_1,2000,36,0,0.808856957999523729086,,,
cache_blocked_1,2000,36,1,0.808970256999600678682,,,
cache_blocked_1,2000,36,2,0.809096227996633388102,,,
cache_blocked_1,2000,37,0,0.815384860004996880889,,,
cache_blocked_1,2000,37,1,0.815254934001131914556,,,
cache_blocked_1,2000,37,2,0.815423957988969050348,,,
cache_blocked_1,2000,38,0,0.827857445998233743012,,,
cache_blocked_1,2000,38,1,0.827625744001124985516,,,
cache_blocked_1,2000,38,2,0.827473418001318350434,,,
cache_blocked_1,2000,39,0,0.840629222002462483943,,,
cache_blocked_1,2000,39,1,0.840381959002115763724,,,
cache_blocked_1,2000,39,2,0.840623456999310292304,,,
cache_blocked_1,2000,40,0,0.848983157004113309085,,,
cache_blocked_1,2000,40,1,0.849129137001000344753,,,
cache_blocked_1,2000,40,2,0.848933109999052248895,,,
cache_blocked_1,2000,41,0,0.85511298100755084306,,,
cache_blocked_1,2000,41,1,0.855128151990356855094,,,
cache_blocked_1,2000,41,2,0.854967216000659391284,,,
cache_blocked_1,2000,42,0,0.861283470992930233479,,,
cache_blocked_1,2000,42,1,0.861377110995817929506,,,
cache_blocked_1,2000,42,2,0.861091640996164642274,,,
cache_blocked_1,2000,43,0,0.865200849992106668651,,,
cache_blocked_1,2000,43,1,0.8651511030038818717,,,
cache_blocked_1,2000,43,2,0.865512981006759218872,,,
cache_blocked_1,2000,44,0,0.871993655004189349711,,,
cache_blocked_1,2000,44,1,0.8720127750129904598,,,
cache_blocked_1,2000,44,2,0.873641819998738355935,,,
cache_blocked_1,2000,45,0,0.901579231998766772449,,,
cache_blocked_1,2000,45,1,0.87579422999988310039,,,
cache_blocked_1,2000,45,2,0.874962974994559772313,,,
cache_blocked_1,2000,46,0,0.878004092999617569149,,,
cache_blocked_1,2000,46,1,0.878279080992797389627,,,
cache_blocked_1,2000,46,2,0.877451672000461257994,,,
cache_blocked_1,2000,47,0,0.885137065997696481645,,,
cache_blocked_1,2000,47,1,0.881296117993770167232,,,
cache_blocked_1,2000,47,2,0.881218765993253327906,,,
cache_blocked_1,2000,48,0,0.885334065998904407024,,,
cache_blocked_1,2000,48,1,0.885254506996716372669,,,
cache_blocked_1,2000,48,2,0.885069947995361872017,,,
cache_blocked_1,2000,49,0,0.888172573992051184177,,,
cache_blocked_1,2000,49,1,0.888464935997035354376,,,
cache_blocked_1,2000,49,2,0.88815869699465110898,,,
cache_blocked_1,2000,50,0,0.896193520005908794701,,,
cache_blocked_1,2000,50,1,0.893035408997093327343,,,
cache_blocked_1,2000,50,2,0.893172315991250798106,,,
cache_blocked_1,2000,51,0,0.894610800998634658754,,,
cache_blocked_1,2000,51,1,0.894918606005376204848,,,
cache_blocked_1,2000,51,2,0.894855728009133599699,,,
cache_blocked_1,2000,52,0,0.897220348997507244349,,,
cache_blocked_1,2000,52,1,0.897417259009671397507,,,
cache_blocked_1,2000,52,2,0.902882244001375511289,,,
cache_blocked_1,2000,53,0,0.90313788199273403734,,,
cache_blocked_1,2000,53,1,0.90006453200476244092,,,
cache_blocked_1,2000,53,2,0.900140995989204384387,,,
cache_blocked_1,2000,54,0,0.903265433997148647904,,,
cache_blocked_1,2000,54,1,0.903308537002885714173,,,
cache_blocked_1,2000,54,2,0.90310470199619885534,,,
cache_blocked_1,2000,55,0,0.906907127005979418755,,,
cache_blocked_1,2000,55,1,0.906080982997082173824,,,
cache_blocked_1,2000,55,2,0.905773456004681065679,,,
cache_blocked_1,2000,56,0,0.90810003399383276701,,,
cache_blocked_1,2000,56,1,0.908316232991637662053,,,
cache_blocked_1,2000,56,2,0.908018549002008512616,,,
cache_blocked_1,2000,57,0,0.910366206997423432767,,,
cache_blocked_1,2000,57,1,0.910137882005074061453,,,
cache_blocked_1,2000,57,2,0.910403075991780497134,,,
cache_blocked_1,2000,58,0,0.911853659999906085432,,,
cache_blocked_1,2000,58,1,0.916774470999371260405,,,
cache_blocked_1,2000,58,2,0.912755520999780856073,,,
cache_blocked_1,2000,59,0,0.914324573997873812914,,,
cache_blocked_1,2000,59,1,0.914345373996184207499,,,
cache_blocked_1,2000,59,2,0.914419128996087238193,,,
cache_blocked_1,2000,60,0,0.916405004987609572709,,,
cache_blocked_1,2000,60,1,0.918206722999457269907,,,
cache_blocked_1,2000,60,2,0.916916281988960690796,,,
cache_blocked_1,2000,61,0,0.918718411005102097988,,,
cache_blocked_1,2000,61,1,0.920249759001308120787,,,
cache_blocked_1,2000,61,2,0.918695301996194757521,,,
cache_blocked_1,2000,62,0,0.924275110999587923288,,,
cache_blocked_1,2000,62,1,0.920048037005471996963,,,
cache_blocked_1,2000,62,2,0.920061311000608839095,,,
cache_blocked_1,2000,63,0,0.921654106001369655132,,,
cache_blocked_1,2000,63,1,0.921776461007539182901,,,
cache_blocked_1,2000,63,2,0.922069734995602630079,,,
cache_blocked_1,2000,64,0,0.923746696993475779891,,,
cache_blocked_1,2000,64,1,0.924047453998355194926,,,
cache_blocked_1,2000,64,2,0.923734222000348381698,,,
cache_blocked_1,2000,65,0,0.92518032299994956702,,,
cache_blocked_1,2000,65,1,0.925147150002885609865,,,
cache_blocked_1,2000,65,2,0.925338474989985115826,,,
cache_blocked_1,2000,66,0,0.926141641000867821276,,,
cache_blocked_1,2000,66,1,0.926415680994978174567,,,
cache_blocked_1,2000,66,2,0.926194058003602549434,,,
cache_blocked_1,2000,67,0,0.928438404996995814145,,,
cache_blocked_1,2000,67,1,0.928385880994028411806,,,
cache_blocked_1,2000,67,2,0.928552722005406394601,,,
cache_blocked_1,2000,68,0,0.93090856399794574827,,,
cache_blocked_1,2000,68,1,0.931082188006257638335,,,
cache_blocked_1,2000,68,2,0.931041472009383141994,,,
cache_blocked_1,2000,69,0,0.936053519995766691864,,,
cache_blocked_1,2000,69,1,0.932344319997355341911,,,
cache_blocked_1,2000,69,2,0.933282116995542310178,,,
cache_blocked_1,2000,70,0,0.93286523700226098299,,,
cache_blocked_1,2000,70,1,0.932952387011027894914,,,
cache_blocked_1,2000,70,2,0.932910471005016006529,,,
cache_blocked_1,2000,71,0,0.935416939988499507308,,,
cache_blocked_1,2000,71,1,0.935258229001192376018,,,
cache_blocked_1,2000,71,2,0.934949604998109862208,,,
cache_blocked_1,2000,72,0,0.981922902996302582324,,,
cache_blocked_1,2000,72,1,0.981971058005001395941,,,
cache_blocked_1,2000,72,2,0.982060515991179272532,,,
cache_blocked_1,2000,73,0,0.937377884998568333685,,,
cache_blocked_1,2000,73,1,0.93854055499832611531,,,
cache_blocked_1,2000,73,2,0.937366790996748022735,,,
cache_blocked_1,2000,74,0,0.93895742499444168061,,,
cache_blocked_1,2000,74,1,0.938935711004887707531,,,
cache_blocked_1,2000,74,2,0.938980887993238866329,,,
cache_blocked_1,2000,75,0,0.940391344003728590906,,,
cache_blocked_1,2000,75,1,0.940289538993965834379,,,
cache_blocked_1,2000,75,2,0.940266694989986717701,,,
cache_blocked_1,2000,76,0,0.9428818570013390854,,,
cache_blocked_1,2000,76,1,0.942938482010504230857,,,
cache_blocked_1,2000,76,2,0.942953474994283169508,,,
cache_blocked_1,2000,77,0,0.985823745999368838966,,,
cache_blocked_1,2000,77,1,0.986171005002688616514,,,
cache_blocked_1,2000,77,2,0.985914232005598023534,,,
cache_blocked_1,2000,78,0,0.943268292001448571682,,,
cache_blocked_1,2000,78,1,0.943341302001499570906,,,
cache_blocked_1,2000,78,2,0.943194305989891290665,,,
cache_blocked_1,2000,79,0,0.944672807003371417522,,,
cache_blocked_1,2000,79,1,0.948429340991424396634,,,
cache_blocked_1,2000,79,2,0.94469824900443200022,,,
cache_blocked_1,2000,80,0,0.946625658994889818132,,,
cache_blocked_1,2000,80,1,0.946979971005930565298,,,
cache_blocked_1,2000,80,2,0.946628402001806534827,,,
cache_blocked_1,2000,81,0,0.987188074999721720815,,,
cache_blocked_1,2000,81,1,0.987106669999775476754,,,
cache_blocked_1,2000,81,2,0.987612707001972012222,,,
cache_blocked_1,2000,82,0,0.947040598999592475593,,,
cache_blocked_1,2000,82,1,0.946921396985999308527,,,
cache_blocked_1,2000,82,2,0.947151642991229891777,,,
cache_blocked_1,2000,83,0,0.948258025004179216921,,,
cache_blocked_1,2000,83,1,0.948232748996815644205,,,
cache_blocked_1,2000,83,2,0.948369753998122178018,,,
cache_blocked_1,2000,84,0,0.949658399011241272092,,,
cache_blocked_1,2000,84,1,0.949607535003451630473,,,
cache_blocked_1,2000,84,2,0.949705564009491354227,,,
cache_blocked_1,2000,85,0,0.949451584994676522911,,,
cache_blocked_1,2000,85,1,0.949213998988852836192,,,
cache_blocked_1,2000,85,2,0.949308281997218728065,,,
cache_blocked_1,2000,86,0,0.949748832994373515248,,,
cache_blocked_1,2000,86,1,0.949565068003721535206,,,
cache_blocked_1,2000,86,2,0.949672771006589755416,,,
cache_blocked_1,2000,87,0,0.950510852999286726117,,,
cache_blocked_1,2000,87,1,0.950779185994178988039,,,
cache_blocked_1,2000,87,2,0.950409911005408503115,,,
cache_blocked_1,2000,88,0,0.988408060991787351668,,,
cache_blocked_1,2000,88,1,0.988378060006652958691,,,
cache_blocked_1,2000,88,2,0.988362561009125784039,,,
cache_blocked_1,2000,89,0,0.951187115002539940178,,,
cache_blocked_1,2000,89,1,0.951269760000286623836,,,
cache_blocked_1,2000,89,2,0.951292291007121093571,,,
cache_blocked_1,2000,90,0,0.992465052011539228261,,,
cache_blocked_1,2000,90,1,0.988264080995577387512,,,
cache_blocked_1,2000,90,2,0.987901764994603581727,,,
cache_blocked_1,2000,91,0,0.95347945801040623337,,,
cache_blocked_1,2000,91,1,0.952555755997309461236,,,
cache_blocked_1,2000,91,2,0.952391846003592945635,,,
cache_blocked_1,2000,92,0,0.954143718990962952375,,,
cache_blocked_1,2000,92,1,0.953972546994918957353,,,
cache_blocked_1,2000,92,2,0.954141927999444305897,,,
cache_blocked_1,2000,93,0,0.953314411002793349326,,,
cache_blocked_1,2000,93,1,0.953167075000237673521,,,
cache_blocked_1,2000,93,2,0.953176492999773472548,,,
cache_blocked_1,2000,94,0,0.952316037000855430961,,,
cache_blocked_1,2000,94,1,0.952471640004660002887,,,
cache_blocked_1,2000,94,2,0.952459231993998400867,,,
cache_blocked_1,2000,95,0,0.954179823005688376725,,,
cache_blocked_1,2000,95,1,0.954028936001122929156,,,
cache_blocked_1,2000,95,2,0.953889491996960714459,,,
cache_blocked_1,2000,96,0,0.955381370993563905358,,,
cache_blocked_1,2000,96,1,0.955454213006305508316,,,
cache_blocked_1,2000,96,2,0.955460002005565911531,,,
cache_blocked_1,2000,97,0,0.954594559007091447711,,,
cache_blocked_1,2000,97,1,0.954619266005465760827,,,
cache_blocked_1,2000,97,2,0.954650946005131118,,,
cache_blocked_1,2000,98,0,0.956533721997402608395,,,
cache_blocked_1,2000,98,1,0.9546612550038844347,,,
cache_blocked_1,2000,98,2,0.954701727998326532543,,,
cache_blocked_1,2000,99,0,0.95539987999654840678,,,
cache_blocked_1,2000,99,1,0.955408750989590771496,,,
cache_blocked_1,2000,99,2,0.955382004001876339316,,,
cache_blocked_1,2000,100,0,0.956893116992432624102,,,
cache_blocked_1,2000,100,1,0.960761335998540744185,,,
cache_blocked_1,2000,100,2,0.956969369013677351177,,,
cache_blocked_1,2000,101,0,0.956627963998471386731,,,
cache_blocked_1,2000,101,1,0.956598482996923848987,,,
cache_blocked_1,2000,101,2,0.95772051399399060756,,,
cache_blocked_1,2000,102,0,0.955886999989161267877,,,
cache_blocked_1,2000,102,1,0.955897400999674573541,,,
cache_blocked_1,2000,102,2,0.956215069993049837649,,,
cache_blocked_1,2000,103,0,0.957367126000463031232,,,
cache_blocked_1,2000,103,1,0.957368910996592603624,,,
cache_blocked_1,2000,103,2,0.957447802007663995028,,,
cache_blocked_1,2000,104,0,0.960709096005302853882,,,
cache_blocked_1,2000,104,1,0.959043971000937744975,,,
cache_blocked_1,2000,104,2,0.95908328999939840287,,,
cache_blocked_1,2000,105,0,0.959349594006198458374,,,
cache_blocked_1,2000,105,1,0.959346865987754426897,,,
cache_blocked_1,2000,105,2,0.959357699000975117087,,,
cache_blocked_1,2000,106,0,0.959301417009555734694,,,
cache_blocked_1,2000,106,1,0.959272912004962563515,,,
cache_blocked_1,2000,106,2,0.959397466998780146241,,,
cache_blocked_1,2000,107,0,0.96257580599922221154,,,
cache_blocked_1,2000,107,1,0.962051867012633010745,,,
cache_blocked_1,2000,107,2,0.961997304009855724871,,,
cache_blocked_1,2000,108,0,0.964764541990007273853,,,
cache_blocked_1,2000,108,1,0.964720976000535301864,,,
cache_blocked_1,2000,108,2,0.964576992002548649907,,,
cache_blocked_1,2000,109,0,0.966166215002886019647,,,
cache_blocked_1,2000,109,1,0.966310622010496445,,,
cache_blocked_1,2000,109,2,0.966876398000749759376,,,
cache_blocked_1,2000,110,0,0.967520891994354315102,,,
cache_blocked_1,2000,110,1,0.967625481993309222162,,,
cache_blocked_1,2000,110,2,0.971993008002755232155,,,
cache_blocked_1,2000,111,0,0.972739293007180094719,,,
cache_blocked_1,2000,111,1,0.972401456994703039527,,,
cache_blocked_1,2000,111,2,0.972409042005892843008,,,
cache_blocked_1,2000,112,0,0.975503438996383920312,,,
cache_blocked_1,2000,112,1,0.975990221995743922889,,,
cache_blocked_1,2000,112,2,0.975594945004559122026,,,
cache_blocked_1,2000,113,0,0.978066140989540144801,,,
cache_blocked_1,2000,113,1,0.978176848002476617694,,,
cache_blocked_1,2000,113,2,0.978149738992215134203,,,
cache_blocked_1,2000,114,0,0.979214163002325221896,,,
cache_blocked_1,2000,114,1,0.979503643990028649569,,,
cache_blocked_1,2000,114,2,0.979450920000090263784,,,
cache_blocked_1,2000,115,0,0.983580066997092217207,,,
cache_blocked_1,2000,115,1,0.983597412996459752321,,,
cache_blocked_1,2000,115,2,0.983623344000079669058,,,
cache_blocked_1,2000,116,0,0.986875190006685443223,,,
cache_blocked_1,2000,116,1,0.986739161991863511503,,,
cache_blocked_1,2000,116,2,0.986851761001162230968,,,
cache_blocked_1,2000,117,0,0.988785475012264214456,,,
cache_blocked_1,2000,117,1,0.988752561999717727304,,,
cache_blocked_1,2000,117,2,0.988838958000997081399,,,
cache_blocked_1,2000,118,0,0.989731801993912085891,,,
cache_blocked_1,2000,118,1,0.989842064998811110854,,,
cache_blocked_1,2000,118,2,0.989606278002611361444,,,
cache_blocked_1,2000,119,0,0.993654541001887992024,,,
cache_blocked_1,2000,119,1,0.993633673002477735281,,,
cache_blocked_1,2000,119,2,0.99368042800051625818,,,
cache_blocked_1,2000,120,0,0.997010485996725037694,,,
cache_blocked_1,2000,120,1,0.996900193989858962595,,,
cache_blocked_1,2000,120,2,1.00073063900345005095,,,
cache_blocked_1,2000,121,0,0.998286050991737283766,,,
cache_blocked_1,2000,121,1,0.998040070990100502968,,,
cache_blocked_1,2000,121,2,0.998447934005525894463,,,
cache_blocked_1,2000,122,0,0.998800490007852204144,,,
cache_blocked_1,2000,122,1,0.998804019996896386147,,,
cache_blocked_1,2000,122,2,0.999447263995534740388,,,
cache_blocked_1,2000,123,0,1.00297981999756302685,,,
cache_blocked_1,2000,123,1,1.0028366629994707182,,,
cache_blocked_1,2000,123,2,1.00290902300912421197,,,
cache_blocked_1,2000,124,0,1.00602610899659339339,,,
cache_blocked_1,2000,124,1,1.00717568800610024482,,,
cache_blocked_1,2000,124,2,1.00605580200499389321,,,
cache_blocked_1,2000,125,0,1.00698077499691862613,,,
cache_blocked_1,2000,125,1,1.00683681799273472279,,,
cache_blocked_1,2000,125,2,1.006901886998093687,,,
cache_blocked_1,2000,126,0,1.00846405900665558875,,,
cache_blocked_1,2000,126,1,1.00754415600385982543,,,
cache_blocked_1,2000,126,2,1.00753980899753514677,,,
cache_blocked_1,2000,127,0,1.01128713900106959045,,,
cache_blocked_1,2000,127,1,1.01137099000334274024,,,
cache_blocked_1,2000,127,2,1.01136316600604914129,,,
cache_blocked_1,2000,128,0,1.01472045099944807589,,,
cache_blocked_1,2000,128,1,1.01479170499078463763,,,
cache_blocked_1,2000,128,2,1.01469806200475431979,,,
cache_blocked_2,2000,1,0,3.72803742399264592677,,,
cache_blocked_2,2000,1,1,3.73396244698960799724,,,
cache_blocked_2,2000,1,2,3.72794076299760490656,,,
cache_blocked_2,2000,2,0,1.52539105199684854597,,,
cache_blocked_2,2000,2,1,1.5222283069888362661,,,
cache_blocked_2,2000,2,2,1.52344960300251841545,,,
cache_blocked_2,2000,3,0,1.13825084199197590351,,,
cache_blocked_2,2000,3,1,1.13859013999172020704,,,
cache_blocked_2,2000,3,2,1.13830484000209253281,,,
cache_blocked_2,2000,4,0,0.649787588990875519812,,,
cache_blocked_2,2000,4,1,0.649435558007098734379,,,
cache_blocked_2,2000,4,2,0.649411345002590678632,,,
cache_blocked_2,2000,5,0,0.631548341989400796592,,,
cache_blocked_2,2000,5,1,0.631043476008926518261,,,
cache_blocked_2,2000,5,2,0.631478362003690563142,,,
cache_blocked_2,2000,6,0,0.643601962990942411125,,,
cache_blocked_2,2000,6,1,0.643140678002964705229,,,
cache_blocked_2,2000,6,2,0.643466085995896719396,,,
cache_blocked_2,2000,7,0,0.647787865003920160234,,,
cache_blocked_2,2000,7,1,0.647711992001859471202,,,
cache_blocked_2,2000,7,2,0.648204010998597368598,,,
cache_blocked_2,2000,8,0,0.536475275002885609865,,,
cache_blocked_2,2000,8,1,0.536612224997952580452,,,
cache_blocked_2,2000,8,2,0.536814496008446440101,,,
cache_blocked_2,2000,9,0,0.557718771000509150326,,,
cache_blocked_2,2000,9,1,0.557626845999038778245,,,
cache_blocked_2,2000,9,2,0.557320753010571934283,,,
cache_blocked_2,2000,10,0,0.563494061003439128399,,,
cache_blocked_2,2000,10,1,0.563414766002097167075,,,
cache_blocked_2,2000,10,2,0.563453609996940940619,,,
cache_blocked_2,2000,11,0,0.568044733998249284923,,,
cache_blocked_2,2000,11,1,0.568122521013719961047,,,
cache_blocked_2,2000,11,2,0.568029585003387182951,,,
cache_blocked_2,2000,12,0,0.524814004005747847259,,,
cache_blocked_2,2000,12,1,0.524652177991811186075,,,
cache_blocked_2,2000,12,2,0.524794814002234488726,,,
cache_blocked_2,2000,13,0,0.531794116002856753767,,,
cache_blocked_2,2000,13,1,0.527986483997665345669,,,
cache_blocked_2,2000,13,2,0.528075648995582014322,,,
cache_blocked_2,2000,14,0,0.53834588400786742568,,,
cache_blocked_2,2000,14,1,0.538290327007416635752,,,
cache_blocked_2,2000,14,2,0.538188399994396604598,,,
cache_blocked_2,2000,15,0,0.556274539005244150758,,,
cache_blocked_2,2000,15,1,0.556243340004584752023,,,
cache_blocked_2,2000,15,2,0.556205556000350043178,,,
cache_blocked_2,2000,16,0,0.531265511002857238054,,,
cache_blocked_2,2000,16,1,0.531166535001830197871,,,
cache_blocked_2,2000,16,2,0.531303522002417594194,,,
cache_blocked_2,2000,17,0,0.534230094999657012522,,,
cache_blocked_2,2000,17,1,0.534473510997486300766,,,
cache_blocked_2,2000,17,2,0.534249208998517133296,,,
cache_blocked_2,2000,18,0,0.547488190000876784325,,,
cache_blocked_2,2000,18,1,0.547523090004688128829,,,
cache_blocked_2,2000,18,2,0.547464309012866578996,,,
cache_blocked_2,2000,19,0,0.559715205003158189356,,,
cache_blocked_2,2000,19,1,0.559788200989714823663,,,
cache_blocked_2,2000,19,2,0.559710814006393775344,,,
cache_blocked_2,2000,20,0,0.535652108999784104526,,,
cache_blocked_2,2000,20,1,0.538838683001813478768,,,
cache_blocked_2,2000,20,2,0.538591144999372772872,,,
cache_blocked_2,2000,21,0,0.54180100400117225945,,,
cache_blocked_2,2000,21,1,0.541819032005150802433,,,
cache_blocked_2,2000,21,2,0.541699011999298818409,,,
cache_blocked_2,2000,22,0,0.553445036988705396652,,,
cache_blocked_2,2000,22,1,0.553481431998079642653,,,
cache_blocked_2,2000,22,2,0.553290543990442529321,,,
cache_blocked_2,2000,23,0,0.566741968999849632382,,,
cache_blocked_2,2000,23,1,0.568015519005712121725,,,
cache_blocked_2,2000,23,2,0.566834081997512839735,,,
cache_blocked_2,2000,24,0,0.546098371996777132154,,,
cache_blocked_2,2000,24,1,0.546078279003268107772,,,
cache_blocked_2,2000,24,2,0.546113568008877336979,,,
cache_blocked_2,2000,25,0,0.549686749989632517099,,,
cache_blocked_2,2000,25,1,0.549722559997462667525,,,
cache_blocked_2,2000,25,2,0.549696757007041014731,,,
cache_blocked_2,2000,26,0,0.559699902005377225578,,,
cache_blocked_2,2000,26,1,0.559656159995938651264,,,
cache_blocked_2,2000,26,2,0.55964918099925853312,,,
cache_blocked_2,2000,27,0,0.574014300989801995456,,,
cache_blocked_2,2000,27,1,0.574059610997210256755,,,
cache_blocked_2,2000,27,2,0.574368054993101395667,,,
cache_blocked_2,2000,28,0,0.552659433000371791422,,,
cache_blocked_2,2000,28,1,0.552581881987862288952,,,
cache_blocked_2,2000,28,2,0.552676142004202120006,,,
cache_blocked_2,2000,29,0,0.551091355999233201146,,,
cache_blocked_2,2000,29,1,0.556099719993653707206,,,
cache_blocked_2,2000,29,2,0.556216611992567777634,,,
cache_blocked_2,2000,30,0,0.566686916994513012469,,,
cache_blocked_2,2000,30,1,0.566757713007973507047,,,
cache_blocked_2,2000,30,2,0.570415198002592660487,,,
cache_blocked_2,2000,31,0,0.577876708994153887033,,,
cache_blocked_2,2000,31,1,0.577708572003757581115,,,
cache_blocked_2,2000,31,2,0.577751466000336222351,,,
cache_blocked_2,2000,32,0,0.560577718992135487497,,,
cache_blocked_2,2000,32,1,0.560510167997563257813,,,
cache_blocked_2,2000,32,2,0.560541900005773641169,,,
cache_blocked_2,2000,33,0,0.566918805998284369707,,,
cache_blocked_2,2000,33,1,0.566911044996231794357,,,
cache_blocked_2,2000,33,2,0.566908314998727291822,,,
cache_blocked_2,2000,34,0,0.575968569988617673516,,,
cache_blocked_2,2000,34,1,0.576038030005292966962,,,
cache_blocked_2,2000,34,2,0.57594546800828538835,,,
cache_blocked_2,2000,35,0,0.585341647994937375188,,,
cache_blocked_2,2000,35,1,0.585551069001667201519,,,
cache_blocked_2,2000,35,2,0.585121825002715922892,,,
cache_blocked_2,2000,36,0,0.565180762001546099782,,,
cache_blocked_2,2000,36,1,0.565075539008830673993,,,
cache_blocked_2,2000,36,2,0.56520954199368134141,,,
cache_blocked_2,2000,37,0,0.572673098009545356035,,,
cache_blocked_2,2000,37,1,0.572448952007107436657,,,
cache_blocked_2,2000,37,2,0.572411743007251061499,,,
cache_blocked_2,2000,38,0,0.581105859993840567768,,,
cache_blocked_2,2000,38,1,0.581239790000836364925,,,
cache_blocked_2,2000,38,2,0.581100267998408526182,,,
cache_blocked_2,2000,39,0,0.589728763996390625834,,,
cache_blocked_2,2000,39,1,0.589538336003897711635,,,
cache_blocked_2,2000,39,2,0.589385232990025542676,,,
cache_blocked_2,2000,40,0,0.569409000992891378701,,,
cache_blocked_2,2000,40,1,0.569339139998191967607,,,
cache_blocked_2,2000,40,2,0.569400330001371912658,,,
cache_blocked_2,2000,41,0,0.575237583994749002159,,,
cache_blocked_2,2000,41,1,0.575139951994060538709,,,
cache_blocked_2,2000,41,2,0.575254142997437156737,,,
cache_blocked_2,2000,42,0,0.586146180998184718192,,,
cache_blocked_2,2000,42,1,0.586186816988629288971,,,
cache_blocked_2,2000,42,2,0.58616398699814453721,,,
cache_blocked_2,2000,43,0,0.591675667994422838092,,,
cache_blocked_2,2000,43,1,0.591637082005036063492,,,
cache_blocked_2,2000,43,2,0.591521282985922880471,,,
cache_blocked_2,2000,44,0,0.573246890999143943191,,,
cache_blocked_2,2000,44,1,0.573155716003384441137,,,
cache_blocked_2,2000,44,2,0.57323631701001431793,,,
cache_blocked_2,2000,45,0,0.57935378899856004864,,,
cache_blocked_2,2000,45,1,0.579477049992419779301,,,
cache_blocked_2,2000,45,2,0.579466943003353662789,,,
cache_blocked_2,2000,46,0,0.589510329999029636383,,,
cache_blocked_2,2000,46,1,0.589602190986624918878,,,
cache_blocked_2,2000,46,2,0.589473224987159483135,,,
cache_blocked_2,2000,47,0,0.5958298269979422912,,,
cache_blocked_2,2000,47,1,0.595751597007620148361,,,
cache_blocked_2,2000,47,2,0.595916630001738667488,,,
cache_blocked_2,2000,48,0,0.582364254005369730294,,,
cache_blocked_2,2000,48,1,0.578050623997114598751,,,
cache_blocked_2,2000,48,2,0.577757332997862249613,,,
cache_blocked_2,2000,49,0,0.584332127997186034918,,,
cache_blocked_2,2000,49,1,0.584381185006350278854,,,
cache_blocked_2,2000,49,2,0.584225658996729180217,,,
cache_blocked_2,2000,50,0,0.593008089999784715474,,,
cache_blocked_2,2000,50,1,0.593264426002861000597,,,
cache_blocked_2,2000,50,2,0.592948117002379149199,,,
cache_blocked_2,2000,51,0,0.600155028994777239859,,,
cache_blocked_2,2000,51,1,0.600309375993674620986,,,
cache_blocked_2,2000,51,2,0.60031690199684817344,,,
cache_blocked_2,2000,52,0,0.581396501002018339932,,,
cache_blocked_2,2000,52,1,0.581459492008434608579,,,
cache_blocked_2,2000,52,2,0.582306366006378084421,,,
cache_blocked_2,2000,53,0,0.589170979990740306675,,,
cache_blocked_2,2000,53,1,0.589273158999276347458,,,
cache_blocked_2,2000,53,2,0.589326190005522221327,,,
cache_blocked_2,2000,54,0,0.596192451004753820598,,,
cache_blocked_2,2000,54,1,0.596161185007076710463,,,
cache_blocked_2,2000,54,2,0.596133663988439366221,,,
cache_blocked_2,2000,55,0,0.601146184999379329383,,,
cache_blocked_2,2000,55,1,0.601139648002572357655,,,
cache_blocked_2,2000,55,2,0.601032831997144967318,,,
cache_blocked_2,2000,56,0,0.587086699990322813392,,,
cache_blocked_2,2000,56,1,0.584324202005518600345,,,
cache_blocked_2,2000,56,2,0.584271977990283630788,,,
cache_blocked_2,2000,57,0,0.59182844399765599519,,,
cache_blocked_2,2000,57,1,0.591691991998231969774,,,
cache_blocked_2,2000,57,2,0.591737891998491249979,,,
cache_blocked_2,2000,58,0,0.597335111000575125217,,,
cache_blocked_2,2000,58,1,0.597348117007641121745,,,
cache_blocked_2,2000,58,2,0.597446087005664594471,,,
cache_blocked_2,2000,59,0,0.603788262000307440758,,,
cache_blocked_2,2000,59,1,0.603822791003040038049,,,
cache_blocked_2,2000,59,2,0.603827547995024360716,,,
cache_blocked_2,2000,60,0,0.588156489000539295375,,,
cache_blocked_2,2000,60,1,0.588058987006661482155,,,
cache_blocked_2,2000,60,2,0.58802550499967765063,,,
cache_blocked_2,2000,61,0,0.594583415004308335483,,,
cache_blocked_2,2000,61,1,0.594581554003525525331,,,
cache_blocked_2,2000,61,2,0.594845728002837859094,,,
cache_blocked_2,2000,62,0,0.600887937005609273911,,,
cache_blocked_2,2000,62,1,0.600835555000230669975,,,
cache_blocked_2,2000,62,2,0.600723258001380600035,,,
cache_blocked_2,2000,63,0,0.608213312996667809784,,,
cache_blocked_2,2000,63,1,0.608251820987788960338,,,
cache_blocked_2,2000,63,2,0.608154411005671136081,,,
cache_blocked_2,2000,64,0,0.592090880003524944186,,,
cache_blocked_2,2000,64,1,0.592029772000387310982,,,
cache_blocked_2,2000,64,2,0.596743646994582377374,,,
cache_blocked_2,2000,65,0,0.602352068002801388502,,,
cache_blocked_2,2000,65,1,0.599859669993747957051,,,
cache_blocked_2,2000,65,2,0.59988463501213118434,,,
cache_blocked_2,2000,66,0,0.605090583994751796126,,,
cache_blocked_2,2000,66,1,0.605250193999381735921,,,
cache_blocked_2,2000,66,2,0.605074011007673107088,,,
cache_blocked_2,2000,67,0,0.611508589005097746849,,,
cache_blocked_2,2000,67,1,0.611612657012301497161,,,
cache_blocked_2,2000,67,2,0.611543673003325238824,,,
cache_blocked_2,2000,68,0,0.597327826995751820505,,,
cache_blocked_2,2000,68,1,0.597534597996855154634,,,
cache_blocked_2,2000,68,2,0.597192171000642701983,,,
cache_blocked_2,2000,69,0,0.604006285997456870973,,,
cache_blocked_2,2000,69,1,0.604075947994715534151,,,
cache_blocked_2,2000,69,2,0.605286409991094842553,,,
cache_blocked_2,2000,70,0,0.609840006989543326199,,,
cache_blocked_2,2000,70,1,0.609759994986234232783,,,
cache_blocked_2,2000,70,2,0.609759351005777716637,,,
cache_blocked_2,2000,71,0,0.616610798009787686169,,,
cache_blocked_2,2000,71,1,0.616721066995523869991,,,
cache_blocked_2,2000,71,2,0.616811343992594629526,,,
cache_blocked_2,2000,72,0,0.637383185996441170573,,,
cache_blocked_2,2000,72,1,0.640293739998014643788,,,
cache_blocked_2,2000,72,2,0.640559955005301162601,,,
cache_blocked_2,2000,73,0,0.609870389002026058733,,,
cache_blocked_2,2000,73,1,0.609876458998769521713,,,
cache_blocked_2,2000,73,2,0.609790276997955515981,,,
cache_blocked_2,2000,74,0,0.616367324008024297655,,,
cache_blocked_2,2000,74,1,0.616569099001935683191,,,
cache_blocked_2,2000,74,2,0.616378069011261686683,,,
cache_blocked_2,2000,75,0,0.620611785008804872632,,,
cache_blocked_2,2000,75,1,0.620590271995752118528,,,
cache_blocked_2,2000,75,2,0.620578900998225435615,,,
cache_blocked_2,2000,76,0,0.60790509900834877044,,,
cache_blocked_2,2000,76,1,0.607880791998468339443,,,
cache_blocked_2,2000,76,2,0.607905540004139766097,,,
cache_blocked_2,2000,77,0,0.667833101004362106323,,,
cache_blocked_2,2000,77,1,0.668168855991098098457,,,
cache_blocked_2,2000,77,2,0.668100459995912387967,,,
cache_blocked_2,2000,78,0,0.620359901004121638834,,,
cache_blocked_2,2000,78,1,0.620339777000481262803,,,
cache_blocked_2,2000,78,2,0.620322684000711888075,,,
cache_blocked_2,2000,79,0,0.625949295004829764366,,,
cache_blocked_2,2000,79,1,0.625896426994586363435,,,
cache_blocked_2,2000,79,2,0.626030125000397674739,,,
cache_blocked_2,2000,80,0,0.612819827001658268273,,,
cache_blocked_2,2000,80,1,0.612857793006696738303,,,
cache_blocked_2,2000,80,2,0.616114809992723166943,,,
cache_blocked_2,2000,81,0,0.666877657000441104174,,,
cache_blocked_2,2000,81,1,0.666411551006603986025,,,
cache_blocked_2,2000,81,2,0.666626731996075250208,,,
cache_blocked_2,2000,82,0,0.623874080003588460386,,,
cache_blocked_2,2000,82,1,0.623865800997009500861,,,
cache_blocked_2,2000,82,2,0.624039437010651454329,,,
cache_blocked_2,2000,83,0,0.629325930989580228925,,,
cache_blocked_2,2000,83,1,0.629393738010548986495,,,
cache_blocked_2,2000,83,2,0.629360496997833251953,,,
cache_blocked_2,2000,84,0,0.61544107399822678417,,,
cache_blocked_2,2000,84,1,0.615329673993983305991,,,
cache_blocked_2,2000,84,2,0.615479641011916100979,,,
cache_blocked_2,2000,85,0,0.621868921007262542844,,,
cache_blocked_2,2000,85,1,0.624596182009554468095,,,
cache_blocked_2,2000,85,2,0.624567007995210587978,,,
cache_blocked_2,2000,86,0,0.627841659996192902327,,,
cache_blocked_2,2000,86,1,0.627510842008632607758,,,
cache_blocked_2,2000,86,2,0.627571404998889192939,,,
cache_blocked_2,2000,87,0,0.630617764007183723152,,,
cache_blocked_2,2000,87,1,0.630576531999395228922,,,
cache_blocked_2,2000,87,2,0.630644074000883847475,,,
cache_blocked_2,2000,88,0,0.662406132003525272012,,,
cache_blocked_2,2000,88,1,0.660119599997415207326,,,
cache_blocked_2,2000,88,2,0.66217250800400506705,,,
cache_blocked_2,2000,89,0,0.623634353993111290038,,,
cache_blocked_2,2000,89,1,0.623765530996024608612,,,
cache_blocked_2,2000,89,2,0.623738159003551118076,,,
cache_blocked_2,2000,90,0,0.671219990006648004055,,,
cache_blocked_2,2000,90,1,0.671206658997107297182,,,
cache_blocked_2,2000,90,2,0.671099635001155547798,,,
cache_blocked_2,2000,91,0,0.630741043991292826831,,,
cache_blocked_2,2000,91,1,0.630749841002398170531,,,
cache_blocked_2,2000,91,2,0.630738666004617698491,,,
cache_blocked_2,2000,92,0,0.619204389004153199494,,,
cache_blocked_2,2000,92,1,0.619193164005992002785,,,
cache_blocked_2,2000,92,2,0.619232158991508185863,,,
cache_blocked_2,2000,93,0,0.62592304099234752357,,,
cache_blocked_2,2000,93,1,0.625861729000462219119,,,
cache_blocked_2,2000,93,2,0.625992576999124139547,,,
cache_blocked_2,2000,94,0,0.630668523008353076875,,,
cache_blocked_2,2000,94,1,0.63069390399323310703,,,
cache_blocked_2,2000,94,2,0.630670466009178198874,,,
cache_blocked_2,2000,95,0,0.634231318006641231477,,,
cache_blocked_2,2000,95,1,0.63426371100649703294,,,
cache_blocked_2,2000,95,2,0.63421506399754434824,,,
cache_blocked_2,2000,96,0,0.620813900997745804489,,,
cache_blocked_2,2000,96,1,0.624204273990471847355,,,
cache_blocked_2,2000,96,2,0.621633171991561539471,,,
cache_blocked_2,2000,97,0,0.626038276997860521078,,,
cache_blocked_2,2000,97,1,0.626097754997317679226,,,
cache_blocked_2,2000,97,2,0.626017431990476325154,,,
cache_blocked_2,2000,98,0,0.630891443986911326647,,,
cache_blocked_2,2000,98,1,0.63092330298968590796,,,
cache_blocked_2,2000,98,2,0.630855070005054585636,,,
cache_blocked_2,2000,99,0,0.634876097989035770297,,,
cache_blocked_2,2000,99,1,0.634900271004880778491,,,
cache_blocked_2,2000,99,2,0.634907197003485634923,,,
cache_blocked_2,2000,100,0,0.622477183991577476263,,,
cache_blocked_2,2000,100,1,0.622408394003286957741,,,
cache_blocked_2,2000,100,2,0.622475231997668743134,,,
cache_blocked_2,2000,101,0,0.628481897001620382071,,,
cache_blocked_2,2000,101,1,0.628526382002746686339,,,
cache_blocked_2,2000,101,2,0.628457775994320400059,,,
cache_blocked_2,2000,102,0,0.634019353994517587125,,,
cache_blocked_2,2000,102,1,0.634073728011571802199,,,
cache_blocked_2,2000,102,2,0.634029631008161231875,,,
cache_blocked_2,2000,103,0,0.63738885799830313772,,,
cache_blocked_2,2000,103,1,0.63735153300513047725,,,
cache_blocked_2,2000,103,2,0.637298451008973643184,,,
cache_blocked_2,2000,104,0,0.623831664997851476073,,,
cache_blocked_2,2000,104,1,0.623825683011091314256,,,
cache_blocked_2,2000,104,2,0.623770983002032153308,,,
cache_blocked_2,2000,105,0,0.631322375003946945071,,,
cache_blocked_2,2000,105,1,0.631398893005098216236,,,
cache_blocked_2,2000,105,2,0.631328285991912707686,,,
cache_blocked_2,2000,106,0,0.630037096008891239762,,,
cache_blocked_2,2000,106,1,0.63410479000594932586,,,
cache_blocked_2,2000,106,2,0.634098707989323884249,,,
cache_blocked_2,2000,107,0,0.63767445400299038738,,,
cache_blocked_2,2000,107,1,0.637727132008876651525,,,
cache_blocked_2,2000,107,2,0.637813973007723689079,,,
cache_blocked_2,2000,108,0,0.62582533700333442539,,,
cache_blocked_2,2000,108,1,0.625971109999227337539,,,
cache_blocked_2,2000,108,2,0.62581462399975862354,,,
cache_blocked_2,2000,109,0,0.632316568997339345515,,,
cache_blocked_2,2000,109,1,0.632369977000053040683,,,
cache_blocked_2,2000,109,2,0.632373700005700811744,,,
cache_blocked_2,2000,110,0,0.636116250010672956705,,,
cache_blocked_2,2000,110,1,0.636087947001215070486,,,
cache_blocked_2,2000,110,2,0.636086655998951755464,,,
cache_blocked_2,2000,111,0,0.64003459300147369504,,,
cache_blocked_2,2000,111,1,0.640009609007393009961,,,
cache_blocked_2,2000,111,2,0.640054527000756934285,,,
cache_blocked_2,2000,112,0,0.631511892002890817821,,,
cache_blocked_2,2000,112,1,0.628113822996965609491,,,
cache_blocked_2,2000,112,2,0.628900114999851211905,,,
cache_blocked_2,2000,113,0,0.634595229988917708397,,,
cache_blocked_2,2000,113,1,0.634746169991558417678,,,
cache_blocked_2,2000,113,2,0.634479836997343227267,,,
cache_blocked_2,2000,114,0,0.639035905987839214504,,,
cache_blocked_2,2000,114,1,0.638898438992328010499,,,
cache_blocked_2,2000,114,2,0.638972155007650144398,,,
cache_blocked_2,2000,115,0,0.641037817011238075793,,,
cache_blocked_2,2000,115,1,0.64101323499926365912,,,
cache_blocked_2,2000,115,2,0.641127502996823750436,,,
cache_blocked_2,2000,116,0,0.629240082998876459897,,,
cache_blocked_2,2000,116,1,0.629064396009198389947,,,
cache_blocked_2,2000,116,2,0.629195927002001553774,,,
cache_blocked_2,2000,117,0,0.636182729998836293817,,,
cache_blocked_2,2000,117,1,0.63630276800540741533,,,
cache_blocked_2,2000,117,2,0.636292723007500171661,,,
cache_blocked_2,2000,118,0,0.638736439999775029719,,,
cache_blocked_2,2000,118,1,0.638806706992909312248,,,
cache_blocked_2,2000,118,2,0.638765719006187282503,,,
cache_blocked_2,2000,119,0,0.641600504997768439353,,,
cache_blocked_2,2000,119,1,0.64158986000984441489,,,
cache_blocked_2,2000,119,2,0.641551618988160043955,,,
cache_blocked_2,2000,120,0,0.631533113002660684288,,,
cache_blocked_2,2000,120,1,0.631713325012242421508,,,
cache_blocked_2,2000,120,2,0.631585707000340335071,,,
cache_blocked_2,2000,121,0,0.636076331997173838317,,,
cache_blocked_2,2000,121,1,0.636190213001100346446,,,
cache_blocked_2,2000,121,2,0.636141861003125086427,,,
cache_blocked_2,2000,122,0,0.641561661992454901338,,,
cache_blocked_2,2000,122,1,0.641148176000569947064,,,
cache_blocked_2,2000,122,2,0.641117930994369089603,,,
cache_blocked_2,2000,123,0,0.644003584995516575873,,,
cache_blocked_2,2000,123,1,0.643997412000317126513,,,
cache_blocked_2,2000,123,2,0.643983076006406918168,,,
cache_blocked_2,2000,124,0,0.632970514008775353432,,,
cache_blocked_2,2000,124,1,0.633012865990167483687,,,
cache_blocked_2,2000,124,2,0.633035206003114581108,,,
cache_blocked_2,2000,125,0,0.63825993599311914295,,,
cache_blocked_2,2000,125,1,0.63858385699859354645,,,
cache_blocked_2,2000,125,2,0.638216712002758868039,,,
cache_blocked_2,2000,126,0,0.643851690998417325318,,,
cache_blocked_2,2000,126,1,0.643830203000106848776,,,
cache_blocked_2,2000,126,2,0.644022829001187346876,,,
cache_blocked_2,2000,127,0,0.647116842999821528792,,,
cache_blocked_2,2000,127,1,0.647379975009243935347,,,
cache_blocked_2,2000,127,2,0.650957862002542242408,,,
cache_blocked_2,2000,128,0,0.635578146990155801177,,,
cache_blocked_2,2000,128,1,0.635526601996389217675,,,
cache_blocked_2,2000,128,2,0.635842661999049596488,,,
