optimisation,n,block_size,repeat,elapsed_seconds,speedup_factor_vs_baseline,logdet_library,logdet_factor,relative_difference_percent
cache_blocked_1,2000,8,0,0.458843166008591651917,17.573698179169557676,13813.5015674373143577,13813.501567437314387,2.12182897341515365768e-16
cache_blocked_1,2000,8,1,0.457138161989860236645,16.8476551650092822854,13813.5015674373143577,13813.501567437314387,2.12182897341515365768e-16
cache_blocked_1,2000,8,2,0.459029417950659990311,16.6313851040731286446,13813.5015674373143577,13813.501567437314387,2.12182897341515365768e-16
cache_blocked_1,2000,8,3,0.453591414028778672218,17.7893545192009625566,13813.5015674373143577,13813.501567437314387,2.12182897341515365768e-16
cache_blocked_1,2000,8,4,0.456344059959519654512,12.9579580581304369957,13813.5015674373143577,13813.501567437314387,2.12182897341515365768e-16
cache_blocked_1,2000,8,5,0.456334629969205707312,13.15788248288986928,13813.5015674373143577,13813.501567437314387,2.12182897341515365768e-16
cache_blocked_1,2000,8,6,0.460105840989854186773,13.6921727389367671179,13813.5015674373143577,13813.501567437314387,2.12182897341515365768e-16
cache_blocked_1,2000,8,7,0.457578906032722443342,13.1278995027389875361,13813.5015674373143577,13813.501567437314387,2.12182897341515365768e-16
cache_blocked_1,2000,8,8,0.454425400006584823132,12.9682990340622747993,13813.5015674373143577,13813.501567437314387,2.12182897341515365768e-16
cache_blocked_1,2000,8,9,0.456511757976841181517,12.9253181039064788393,13813.5015674373143577,13813.501567437314387,2.12182897341515365768e-16
cache_blocked_1,2000,12,0,0.417339518025983124971,19.3213701619973434731,13813.5015674373143577,13813.5015674373143932,2.57191390716988322146e-16
cache_blocked_1,2000,12,1,0.417431396024767309427,18.4502320364861986945,13813.5015674373143577,13813.5015674373143932,2.57191390716988322146e-16
cache_blocked_1,2000,12,2,0.417461272969376295805,18.2874329149951897477,13813.5015674373143577,13813.5015674373143932,2.57191390716988322146e-16
cache_blocked_1,2000,12,3,0.418213989993091672659,19.2941859050599866521,13813.5015674373143577,13813.5015674373143932,2.57191390716988322146e-16
cache_blocked_1,2000,12,4,0.417512873013038188219,14.1631254297822692934,13813.5015674373143577,13813.5015674373143932,2.57191390716988322146e-16
cache_blocked_1,2000,12,5,0.417588918004184961319,14.3787279190863674927,13813.5015674373143577,13813.5015674373143932,2.57191390716988322146e-16
cache_blocked_1,2000,12,6,0.41704964800737798214,15.1057522362790876969,13813.5015674373143577,13813.5015674373143932,2.57191390716988322146e-16
cache_blocked_1,2000,12,7,0.417379178048577159643,14.3923085024420860378,13813.5015674373143577,13813.5015674373143932,2.57191390716988322146e-16
cache_blocked_1,2000,12,8,0.417637199978344142437,14.110631132150906808,13813.5015674373143577,13813.5015674373143932,2.57191390716988322146e-16
cache_blocked_1,2000,12,9,0.417440993012860417366,14.1350748699528292462,13813.5015674373143577,13813.5015674373143932,2.57191390716988322146e-16
cache_blocked_1,2000,16,0,0.402454124996438622475,20.0360011494004126575,13813.5015674373143577,13813.5015674373143613,2.57191390716988322152e-17
cache_blocked_1,2000,16,1,0.402210283966269344091,19.1484564741194169812,13813.5015674373143577,13813.5015674373143613,2.57191390716988322152e-17
cache_blocked_1,2000,16,2,0.402140119986142963171,18.9841665743249592424,13813.5015674373143577,13813.5015674373143613,2.57191390716988322152e-17
cache_blocked_1,2000,16,3,0.403918394993524998426,19.9770512337101138201,13813.5015674373143577,13813.5015674373143613,2.57191390716988322152e-17
cache_blocked_1,2000,16,4,0.402081048989202827215,14.7067045410319945375,13813.5015674373143577,13813.5015674373143613,2.57191390716988322152e-17
cache_blocked_1,2000,16,5,0.401825590000953525305,14.9427950419822526129,13813.5015674373143577,13813.5015674373143613,2.57191390716988322152e-17
cache_blocked_1,2000,16,6,0.402293374005239456892,15.6598369749555139663,13813.5015674373143577,13813.5015674373143613,2.57191390716988322152e-17
cache_blocked_1,2000,16,7,0.402131526963785290718,14.9380227368042266534,13813.5015674373143577,13813.5015674373143613,2.57191390716988322152e-17
cache_blocked_1,2000,16,8,0.403316612995695322752,14.6116581516111647687,13813.5015674373143577,13813.5015674373143613,2.57191390716988322152e-17
cache_blocked_1,2000,16,9,0.401881338038947433233,14.6823430986297722711,13813.5015674373143577,13813.5015674373143613,2.57191390716988322152e-17
cache_blocked_1,2000,24,0,0.387184343999251723289,20.8261812131152836969,13813.5015674373143577,13813.5015674373143586,6.42978476792470805379e-18
cache_blocked_1,2000,24,1,0.387191660003736615181,19.891198369037685012,13813.5015674373143577,13813.5015674373143586,6.42978476792470805379e-18
cache_blocked_1,2000,24,2,0.386936981987673789263,19.7300733179315521681,13813.5015674373143577,13813.5015674373143586,6.42978476792470805379e-18
cache_blocked_1,2000,24,3,0.387296553002670407295,20.8344185055733532863,13813.5015674373143577,13813.5015674373143586,6.42978476792470805379e-18
cache_blocked_1,2000,24,4,0.386951168999075889587,15.2817400819030453363,13813.5015674373143577,13813.5015674373143586,6.42978476792470805379e-18
cache_blocked_1,2000,24,5,0.386853625008370727301,15.5211093960355661636,13813.5015674373143577,13813.5015674373143586,6.42978476792470805379e-18
cache_blocked_1,2000,24,6,0.387029987003188580275,16.2774174213404165812,13813.5015674373143577,13813.5015674373143586,6.42978476792470805379e-18
cache_blocked_1,2000,24,7,0.386966576043050736189,15.5234334561818361209,13813.5015674373143577,13813.5015674373143586,6.42978476792470805379e-18
cache_blocked_1,2000,24,8,0.387102615030016750097,15.2236751888172907599,13813.5015674373143577,13813.5015674373143586,6.42978476792470805379e-18
cache_blocked_1,2000,24,9,0.387136470002587884665,15.2415495496582753532,13813.5015674373143577,13813.5015674373143586,6.42978476792470805379e-18
cache_blocked_1,2000,32,0,0.375491608981974422932,21.4747044091647758535,13813.5015674373143577,13813.5015674373143497,5.78680629113223724834e-17
cache_blocked_1,2000,32,1,0.375478848000057041645,20.5116910233253655349,13813.5015674373143577,13813.5015674373143497,5.78680629113223724834e-17
cache_blocked_1,2000,32,2,0.37551027198787778616,20.3304558983739696032,13813.5015674373143577,13813.5015674373143497,5.78680629113223724834e-17
cache_blocked_1,2000,32,3,0.375772620958741754293,21.4733538873487042054,13813.5015674373143577,13813.5015674373143497,5.78680629113223724834e-17
cache_blocked_1,2000,32,4,0.375738953996915370226,15.737753901026088954,13813.5015674373143577,13813.5015674373143497,5.78680629113223724834e-17
cache_blocked_1,2000,32,5,0.375427289982326328754,15.9935028545487618601,13813.5015674373143577,13813.5015674373143497,5.78680629113223724834e-17
cache_blocked_1,2000,32,6,0.37594283203361555934,16.7574644765764411147,13813.5015674373143577,13813.5015674373143497,5.78680629113223724834e-17
cache_blocked_1,2000,32,7,0.375611439987551420927,15.9927234728790832463,13813.5015674373143577,13813.5015674373143497,5.78680629113223724834e-17
cache_blocked_1,2000,32,8,0.376211450027767568827,15.6643942536140112765,13813.5015674373143577,13813.5015674373143497,5.78680629113223724834e-17
cache_blocked_1,2000,32,9,0.375908594054635614157,15.6967938039922394466,13813.5015674373143577,13813.5015674373143497,5.78680629113223724834e-17
cache_blocked_1,2000,40,0,0.373574433033354580402,21.5849121299198394297,13813.5015674373143577,13813.501567437314363,3.85787086075482483212e-17
cache_blocked_1,2000,40,1,0.373567115049809217453,20.616659779982025924,13813.5015674373143577,13813.501567437314363,3.85787086075482483212e-17
cache_blocked_1,2000,40,2,0.373551449971273541451,20.4370643578630151183,13813.5015674373143577,13813.501567437314363,3.85787086075482483212e-17
cache_blocked_1,2000,40,3,0.373412871966138482094,21.6090528120715745786,13813.5015674373143577,13813.501567437314363,3.85787086075482483212e-17
cache_blocked_1,2000,40,4,0.37349390098825097084,15.8323527462860269566,13813.5015674373143577,13813.501567437314363,3.85787086075482483212e-17
cache_blocked_1,2000,40,5,0.373619811958633363247,16.0708753706900324687,13813.5015674373143577,13813.501567437314363,3.85787086075482483212e-17
cache_blocked_1,2000,40,6,0.373590327042620629072,16.862986530987310374,13813.5015674373143577,13813.501567437314363,3.85787086075482483212e-17
cache_blocked_1,2000,40,7,0.373659709992352873087,16.0762579757227861421,13813.5015674373143577,13813.501567437314363,3.85787086075482483212e-17
cache_blocked_1,2000,40,8,0.373442942975088953972,15.7805217284608492179,13813.5015674373143577,13813.501567437314363,3.85787086075482483212e-17
cache_blocked_1,2000,40,9,0.373567280999850481749,15.7951726238749472486,13813.5015674373143577,13813.501567437314363,3.85787086075482483212e-17
cache_blocked_1,2000,48,0,0.370076477993279695511,21.7889322626876342781,13813.5015674373143577,13813.501567437314387,2.12182897341515365768e-16
cache_blocked_1,2000,48,1,0.370142997999209910631,20.8073802762784119125,13813.5015674373143577,13813.501567437314387,2.12182897341515365768e-16
cache_blocked_1,2000,48,2,0.370176529046148061752,20.6233902611481738631,13813.5015674373143577,13813.501567437314387,2.12182897341515365768e-16
cache_blocked_1,2000,48,3,0.369936153991147875786,21.8121380783363285616,13813.5015674373143577,13813.501567437314387,2.12182897341515365768e-16
cache_blocked_1,2000,48,4,0.371042713988572359085,15.9369446322412855466,13813.5015674373143577,13813.501567437314387,2.12182897341515365768e-16
cache_blocked_1,2000,48,5,0.371116907976102083921,16.1792613189008704921,13813.5015674373143577,13813.501567437314387,2.12182897341515365768e-16
cache_blocked_1,2000,48,6,0.373467214987613260746,16.8685453507232310244,13813.5015674373143577,13813.501567437314387,2.12182897341515365768e-16
cache_blocked_1,2000,48,7,0.370995617005974054337,16.1917004342239891912,13813.5015674373143577,13813.501567437314387,2.12182897341515365768e-16
cache_blocked_1,2000,48,8,0.371059426048304885626,15.8818886201575271144,13813.5015674373143577,13813.501567437314387,2.12182897341515365768e-16
cache_blocked_1,2000,48,9,0.371017683006357401609,15.9037155377932002409,13813.5015674373143577,13813.501567437314387,2.12182897341515365768e-16
cache_blocked_1,2000,64,0,0.373980520002078264952,21.5614741403235967709,13813.5015674373143577,13813.5015674373143737,1.15736125822644744967e-16
cache_blocked_1,2000,64,1,0.373910390015225857496,20.5977322953173391795,13813.5015674373143577,13813.5015674373143737,1.15736125822644744967e-16
cache_blocked_1,2000,64,2,0.374117680010385811329,20.4061327008764443747,13813.5015674373143577,13813.5015674373143737,1.15736125822644744967e-16
cache_blocked_1,2000,64,3,0.373875847028102725744,21.5822940560722749126,13813.5015674373143577,13813.5015674373143737,1.15736125822644744967e-16
cache_blocked_1,2000,64,4,0.373921196965966373682,15.8142604297734781227,13813.5015674373143577,13813.5015674373143737,1.15736125822644744967e-16
cache_blocked_1,2000,64,5,0.373892967007122933865,16.0591344685375005952,13813.5015674373143577,13813.5015674373143737,1.15736125822644744967e-16
cache_blocked_1,2000,64,6,0.374062552989926189184,16.8416982739154761362,13813.5015674373143577,13813.5015674373143737,1.15736125822644744967e-16
cache_blocked_1,2000,64,7,0.373856833961326628923,16.0677814267057677,13813.5015674373143577,13813.5015674373143737,1.15736125822644744967e-16
cache_blocked_1,2000,64,8,0.373944052029401063919,15.7593748155015838108,13813.5015674373143577,13813.5015674373143737,1.15736125822644744967e-16
cache_blocked_1,2000,64,9,0.374814971990417689085,15.7425933619724460755,13813.5015674373143577,13813.5015674373143737,1.15736125822644744967e-16
cache_blocked_1,2000,80,0,0.400315627979580312967,20.1430340147022590713,13813.5015674373143577,13813.5015674373143533,3.21489238396235402682e-17
cache_blocked_1,2000,80,1,0.400272506987676024437,19.2411569156520840806,13813.5015674373143577,13813.5015674373143533,3.21489238396235402682e-17
cache_blocked_1,2000,80,2,0.410246522980742156506,18.6090426033771265679,13813.5015674373143577,13813.5015674373143533,3.21489238396235402682e-17
cache_blocked_1,2000,80,3,0.400344748981297016144,20.1553748152210019384,13813.5015674373143577,13813.5015674373143533,3.21489238396235402682e-17
cache_blocked_1,2000,80,4,0.400313477963209152222,14.7716415123446775937,13813.5015674373143577,13813.5015674373143533,3.21489238396235402682e-17
cache_blocked_1,2000,80,5,0.40034957200987264514,14.9978864817164669887,13813.5015674373143577,13813.5015674373143533,3.21489238396235402682e-17
cache_blocked_1,2000,80,6,0.400525086966808885336,15.7289739345313925867,13813.5015674373143577,13813.5015674373143533,3.21489238396235402682e-17
cache_blocked_1,2000,80,7,0.400325132010038942099,15.0054278701148042785,13813.5015674373143577,13813.5015674373143533,3.21489238396235402682e-17
cache_blocked_1,2000,80,8,0.400347377988509833813,14.7200276559021023814,13813.5015674373143577,13813.5015674373143533,3.21489238396235402682e-17
cache_blocked_1,2000,80,9,0.400413256022147834301,14.7361746927226207049,13813.5015674373143577,13813.5015674373143533,3.21489238396235402682e-17
cache_blocked_1,2000,96,0,0.400056121987290680408,20.1561002765150831806,13813.5015674373143577,13813.5015674373143471,7.71574172150964966425e-17
cache_blocked_1,2000,96,1,0.40027670800918713212,19.2409549740639675974,13813.5015674373143577,13813.5015674373143471,7.71574172150964966425e-17
cache_blocked_1,2000,96,2,0.402176424046047031879,18.9824528927679736512,13813.5015674373143577,13813.5015674373143471,7.71574172150964966425e-17
cache_blocked_1,2000,96,3,0.400209337007254362106,20.1621944439475804245,13813.5015674373143577,13813.5015674373143471,7.71574172150964966425e-17
cache_blocked_1,2000,96,4,0.399980925023555755615,14.7839229800375360213,13813.5015674373143577,13813.5015674373143471,7.71574172150964966425e-17
cache_blocked_1,2000,96,5,0.400131087983027100563,15.0060757944969740407,13813.5015674373143577,13813.5015674373143471,7.71574172150964966425e-17
cache_blocked_1,2000,96,6,0.399987734970636665821,15.7501045713047478358,13813.5015674373143577,13813.5015674373143471,7.71574172150964966425e-17
cache_blocked_1,2000,96,7,0.400015313993208110332,15.0170498049302700849,13813.5015674373143577,13813.5015674373143471,7.71574172150964966425e-17
cache_blocked_1,2000,96,8,0.399972314015030860901,14.7338309914553100555,13813.5015674373143577,13813.5015674373143471,7.71574172150964966425e-17
cache_blocked_1,2000,96,9,0.400046841998118907213,14.7496719647945209175,13813.5015674373143577,13813.5015674373143471,7.71574172150964966425e-17
cache_blocked_1,2000,128,0,0.390440392016898840666,20.6525028554437533046,13813.5015674373143577,13813.5015674373143533,3.21489238396235402682e-17
cache_blocked_1,2000,128,1,0.39071986399358138442,19.7115806635770134392,13813.5015674373143577,13813.5015674373143533,3.21489238396235402682e-17
cache_blocked_1,2000,128,2,0.392678067029919475317,19.4416130286550519202,13813.5015674373143577,13813.5015674373143533,3.21489238396235402682e-17
cache_blocked_1,2000,128,3,0.39049238001462072134,20.6639076304676834184,13813.5015674373143577,13813.5015674373143533,3.21489238396235402682e-17
cache_blocked_1,2000,128,4,0.390514503000304102898,15.1422985410296320197,13813.5015674373143577,13813.5015674373143533,3.21489238396235402682e-17
cache_blocked_1,2000,128,5,0.390395137947052717209,15.3803079248957956793,13813.5015674373143577,13813.5015674373143533,3.21489238396235402682e-17
cache_blocked_1,2000,128,6,0.390517566993366926908,16.1320493250278325092,13813.5015674373143577,13813.5015674373143533,3.21489238396235402682e-17
cache_blocked_1,2000,128,7,0.39041306002764031291,15.3863958663307567321,13813.5015674373143577,13813.5015674373143533,3.21489238396235402682e-17
cache_blocked_1,2000,128,8,0.390486740972846746445,15.0917402759356349407,13813.5015674373143577,13813.5015674373143533,3.21489238396235402682e-17
cache_blocked_1,2000,128,9,0.390454431006219238043,15.1120315751526277381,13813.5015674373143577,13813.5015674373143533,3.21489238396235402682e-17
