method,n,block_size,elapsed_median,elapsed_mean,elapsed_error
openmp_tile_parallel_blocked,5000,1,2.509034469985636,2.517211243498605,0.01977051811917132
openmp_tile_parallel_blocked,5000,2,0.8253286834951723,0.8255219685961492,0.0020081802064225627
openmp_tile_parallel_blocked,5000,3,0.5603789144952316,0.561559023996233,0.0027230625358461405
openmp_tile_parallel_blocked,5000,4,0.40100076000089746,0.4156217319978167,0.031023845928096806
openmp_tile_parallel_blocked,5000,5,0.3489870659977896,0.3497484350024024,0.001942963720077913
openmp_tile_parallel_blocked,5000,6,0.30635493250156276,0.30665300579858007,0.0029757973431203456
openmp_tile_parallel_blocked,5000,7,0.28707320100511424,0.2884013971983222,0.003763091967016827
openmp_tile_parallel_blocked,5000,8,0.23591179649520194,0.2363581357931252,0.0017966990292952669
openmp_tile_parallel_blocked,5000,9,0.24179999700572807,0.24142144209763497,0.0022823293383095653
openmp_tile_parallel_blocked,5000,10,0.235513464489486,0.23543733370315745,0.001682477928416921
openmp_tile_parallel_blocked,5000,11,0.22938566149969114,0.2297229966061422,0.0024597987548402073
openmp_tile_parallel_blocked,5000,12,0.19771866798691917,0.1971646492951549,0.0016377974362440037
openmp_tile_parallel_blocked,5000,13,0.20959652050805738,0.20944930359837594,0.0017992482714599166
openmp_tile_parallel_blocked,5000,14,0.20642708698869675,0.20967899879615284,0.008750519587783152
openmp_tile_parallel_blocked,5000,15,0.21381964799365955,0.21388786760508077,0.0020852263937878885
openmp_tile_parallel_blocked,5000,16,0.19597312051337204,0.1969354161963565,0.0022606248074539654
openmp_tile_parallel_blocked,5000,17,0.20512918199528934,0.2051189618010539,0.0018852668018788977
openmp_tile_parallel_blocked,5000,18,0.21453302699956112,0.21478972260083534,0.001619689936491343
openmp_tile_parallel_blocked,5000,19,0.21710183701361524,0.2161508463992504,0.0022110601445858814
openmp_tile_parallel_blocked,5000,20,0.2096238495141733,0.20952741000510283,0.0018696596045086446
openmp_tile_parallel_blocked,5000,21,0.2182526299875462,0.21784319899161342,0.0019262606285290313
openmp_tile_parallel_blocked,5000,22,0.2264599850022932,0.2277925822010729,0.004051841132862645
openmp_tile_parallel_blocked,5000,23,0.2403456195024773,0.2384698308014776,0.007538905522163991
openmp_tile_parallel_blocked,5000,24,0.23587931101792492,0.23529747431166464,0.0019429234456819994
openmp_tile_parallel_blocked,5000,25,0.24226310400990764,0.24274095639993898,0.0010905920736295942
openmp_tile_parallel_blocked,5000,26,0.2477356419985881,0.2476014237006893,0.0009553850817613249
openmp_tile_parallel_blocked,5000,27,0.2621018690115306,0.2608827536023454,0.0032784702616890657
openmp_tile_parallel_blocked,5000,28,0.24302571150474245,0.24330748130450952,0.0015100833561064125
openmp_tile_parallel_blocked,5000,29,0.2636874454910867,0.2641835721995448,0.002564121699965819
openmp_tile_parallel_blocked,5000,30,0.2713108490133891,0.27145223780535155,0.0012798703937960028
openmp_tile_parallel_blocked,5000,31,0.27382433549792035,0.27454408179910383,0.002394688244819589
openmp_tile_parallel_blocked,5000,32,0.25763869249203697,0.2577959734946489,0.001394336852131527
openmp_tile_parallel_blocked,5000,33,0.27307257101347204,0.27324419630458574,0.0013778047692569822
openmp_tile_parallel_blocked,5000,34,0.27848569599154865,0.2784737780952127,0.0010055601089843723
openmp_tile_parallel_blocked,5000,35,0.2865647975122556,0.28755402889801185,0.003615750100826803
openmp_tile_parallel_blocked,5000,36,0.27307048150396435,0.2731974697031546,0.0008909996283938458
openmp_tile_parallel_blocked,5000,37,0.28864996202173643,0.2887636080005904,0.0006845035570442613
openmp_tile_parallel_blocked,5000,38,0.2952162360015791,0.2952849002002039,0.0017026784888998698
openmp_tile_parallel_blocked,5000,39,0.30550049300654786,0.3055892675038194,0.0005345113790038186
openmp_tile_parallel_blocked,5000,40,0.30041009750857484,0.3002014694007812,0.0006998521117826876
openmp_tile_parallel_blocked,5000,41,0.31013739250192884,0.3099933416960993,0.0003261641247639712
openmp_tile_parallel_blocked,5000,42,0.31512424600077793,0.3152925923990551,0.0005744689924632998
openmp_tile_parallel_blocked,5000,43,0.3266481210011989,0.3276898236043052,0.0036739273725061913
openmp_tile_parallel_blocked,5000,44,0.32279440651473124,0.3227372773020761,0.0005682604629805089
openmp_tile_parallel_blocked,5000,45,0.3347839804919204,0.3347072439966723,0.000897226444129389
openmp_tile_parallel_blocked,5000,46,0.3396484834956936,0.339754497402464,0.0005063550315803976
openmp_tile_parallel_blocked,5000,47,0.35163944849045947,0.3516936117957811,0.000861078474754479
openmp_tile_parallel_blocked,5000,48,0.35034038701269304,0.35042879020620604,0.00062467363379816
openmp_tile_parallel_blocked,5000,49,0.3612982524937251,0.36270602930162565,0.0035755528175160116
openmp_tile_parallel_blocked,5000,50,0.36475264249020245,0.36479441509291055,0.0009752182814746589
openmp_tile_parallel_blocked,5000,51,0.3794050165015505,0.379683832405135,0.0011444583933447508
openmp_tile_parallel_blocked,5000,52,0.37613180700282095,0.3763064717990346,0.0004620201128058453
openmp_tile_parallel_blocked,5000,53,0.3892371825058944,0.38918579570599826,0.0008531962319230774
openmp_tile_parallel_blocked,5000,54,0.3925313149957219,0.3927074723993428,0.0007104733689769825
openmp_tile_parallel_blocked,5000,55,0.40651573399372865,0.4066122241027187,0.0007603702794210288
openmp_tile_parallel_blocked,5000,56,0.4055876325001009,0.40553576980310024,0.0006984606253203193
openmp_tile_parallel_blocked,5000,57,0.4177560514945071,0.4235786425037076,0.016476780656594914
openmp_tile_parallel_blocked,5000,58,0.4239310834964271,0.4237315331993158,0.0007515198594403615
openmp_tile_parallel_blocked,5000,59,0.43896050199691666,0.438745122795808,0.0008933318255142024
openmp_tile_parallel_blocked,5000,60,0.43793178901250934,0.4379808096011401,0.0007061279653689813
openmp_tile_parallel_blocked,5000,61,0.451286915995297,0.4512873209983808,0.001528309876781664
openmp_tile_parallel_blocked,5000,62,0.4581268659967463,0.45870636299951,0.0034599912179172645
openmp_tile_parallel_blocked,5000,63,0.4720343985100044,0.4718216568027855,0.0008647804148593156
openmp_tile_parallel_blocked,5000,64,0.47260495650698425,0.47279247459664475,0.0011344381437293377
openmp_tile_parallel_blocked,5000,65,0.4852539989951764,0.48525984259613314,0.0008813193134571121
openmp_tile_parallel_blocked,5000,66,0.4926381839904934,0.4926197570981457,0.001036788565004979
openmp_tile_parallel_blocked,5000,67,0.516981617998681,0.5165347180009121,0.0015724121611362834
openmp_tile_parallel_blocked,5000,68,0.508027656993363,0.5082996616954915,0.0013548260417253417
openmp_tile_parallel_blocked,5000,69,0.5438495019916445,0.5439131054008611,0.0012443836508717805
openmp_tile_parallel_blocked,5000,70,0.5430607794987735,0.5437779348925686,0.001765289136768251
openmp_tile_parallel_blocked,5000,71,0.5816733125102473,0.5817103626060998,0.0021339775661014778
openmp_tile_parallel_blocked,5000,72,0.5749502654944081,0.5754076646961038,0.0030819614952826376
openmp_tile_parallel_blocked,5000,73,0.6127426615130389,0.6126283205026993,0.002072004980572146
openmp_tile_parallel_blocked,5000,74,0.6009875055169686,0.6010713496012612,0.0013639156178246843
openmp_tile_parallel_blocked,5000,75,0.6389673445082734,0.6389107625989708,0.0016611646822272798
openmp_tile_parallel_blocked,5000,76,0.6594197555095889,0.6590790715999901,0.0014398225464053267
openmp_tile_parallel_blocked,5000,77,0.6600855124997906,0.6604845913039753,0.002120481240298112
openmp_tile_parallel_blocked,5000,78,0.6412171344854869,0.6409700851916568,0.0016329959042763898
openmp_tile_parallel_blocked,5000,79,0.6768095795123371,0.6771940802049357,0.0017769101725282283
openmp_tile_parallel_blocked,5000,80,0.6972560385038377,0.6976272474974393,0.0027450924723706966
openmp_tile_parallel_blocked,5000,81,0.697908432499389,0.6976184412982547,0.002622804495483566
openmp_tile_parallel_blocked,5000,82,0.6764996130077634,0.6765953329042531,0.0016597052962760885
openmp_tile_parallel_blocked,5000,83,0.7135757884971099,0.7134303783008362,0.0027293014574604176
openmp_tile_parallel_blocked,5000,84,0.7328744359983829,0.7330504899000515,0.001819930288506555
openmp_tile_parallel_blocked,5000,85,0.7298663220135495,0.7300701741041847,0.0017053006477474764
openmp_tile_parallel_blocked,5000,86,0.706002223509131,0.7062499192979885,0.002184323680972719
openmp_tile_parallel_blocked,5000,87,0.7455102270032512,0.7462784610019297,0.004504669330608962
openmp_tile_parallel_blocked,5000,88,0.7707752545102267,0.7703660206054337,0.002842991465595981
openmp_tile_parallel_blocked,5000,89,0.7664202705054777,0.7648763019009492,0.004393561776116874
openmp_tile_parallel_blocked,5000,90,0.739372527503292,0.7391306456993333,0.002034376135759956
openmp_tile_parallel_blocked,5000,91,0.7803263100067852,0.7808805182023206,0.0027804624948991248
openmp_tile_parallel_blocked,5000,92,0.8056204820022685,0.8045138779008993,0.004806253645691422
openmp_tile_parallel_blocked,5000,93,0.801081402998534,0.8001075118052541,0.003008148628754428
openmp_tile_parallel_blocked,5000,94,0.7726612694968935,0.7744459354988067,0.003717771612503869
openmp_tile_parallel_blocked,5000,95,0.8135630409960868,0.8129082374012796,0.00378272596779679
openmp_tile_parallel_blocked,5000,96,0.8388895889947889,0.8388892642979044,0.0025804232389896506
openmp_tile_parallel_blocked,5000,97,0.8275873050151858,0.8286625265987823,0.0042637493356449535
openmp_tile_parallel_blocked,5000,98,0.808256270000129,0.8073982795991469,0.002747547089685221
openmp_tile_parallel_blocked,5000,99,0.8451975940115517,0.8461809273983818,0.003342462620766706
openmp_tile_parallel_blocked,5000,100,0.8695584639935987,0.8692775913979858,0.0030332939449750737
openmp_tile_parallel_blocked,5000,101,0.8600649510044605,0.8609900451963768,0.003646060044599099
openmp_tile_parallel_blocked,5000,102,0.8401820800063433,0.8397930569015444,0.0028326893817167634
openmp_tile_parallel_blocked,5000,103,0.8785162794956705,0.8773756871989462,0.0035660548812305065
openmp_tile_parallel_blocked,5000,104,0.8978450605063699,0.8981891443021596,0.003773705729633953
openmp_tile_parallel_blocked,5000,105,0.8906657585030189,0.8900870501005557,0.0036675378892402563
openmp_tile_parallel_blocked,5000,106,0.8690479424985824,0.8696429824980442,0.0031227830373839844
openmp_tile_parallel_blocked,5000,107,0.9048720505088568,0.9056179273000453,0.00491555962682046
openmp_tile_parallel_blocked,5000,108,0.926084560502204,0.9272434517042711,0.006117427457522604
openmp_tile_parallel_blocked,5000,109,0.9220058799983234,0.9227649948938051,0.0063815745946274776
openmp_tile_parallel_blocked,5000,110,0.8987378160090884,0.8990079913026421,0.0031207368455046913
openmp_tile_parallel_blocked,5000,111,0.9375724865094526,0.9381958160083741,0.004558033652822278
openmp_tile_parallel_blocked,5000,112,0.9646947244909824,0.9631316480983514,0.0033129173906872806
openmp_tile_parallel_blocked,5000,113,0.9494644639926263,0.9481950614019297,0.0046915133947512105
openmp_tile_parallel_blocked,5000,114,0.9279984864988364,0.928249335498549,0.003863727315663238
openmp_tile_parallel_blocked,5000,115,0.9628729639807716,0.9645688123971923,0.005816745431634699
openmp_tile_parallel_blocked,5000,116,0.9960214210004779,0.9961808564024978,0.0036452263442631307
openmp_tile_parallel_blocked,5000,117,0.9784386594983516,0.9786066436994588,0.004369976455441101
openmp_tile_parallel_blocked,5000,118,0.9622017910005524,0.96200104909949,0.003906926420675476
openmp_tile_parallel_blocked,5000,119,1.0015783209964866,1.001664757798426,0.0062301074590577175
openmp_tile_parallel_blocked,5000,120,1.0277164790022653,1.0283078828972065,0.006170313638798525
openmp_tile_parallel_blocked,5000,121,1.0116594209976029,1.0144775338994805,0.006287993086590961
openmp_tile_parallel_blocked,5000,122,0.9957749260065611,0.9954070987034356,0.006082641183631814
openmp_tile_parallel_blocked,5000,123,1.0314644285099348,1.0318721417046617,0.0032652238100844408
openmp_tile_parallel_blocked,5000,124,1.0654043440154055,1.0648699279059657,0.004038378832196329
openmp_tile_parallel_blocked,5000,125,1.0450746385031378,1.047874653205508,0.007209063778205598
openmp_tile_parallel_blocked,5000,126,1.027052295510657,1.0267124202044215,0.002536930693384974
openmp_tile_parallel_blocked,5000,127,1.057247604985605,1.0580589712946675,0.005077749672464612
openmp_tile_parallel_blocked,5000,128,1.0949561205052305,1.0946713315031957,0.004369758914185802
openmp_tile_parallel_blocked,5000,129,1.078068950009765,1.0782510900957276,0.007544344432288067
openmp_tile_parallel_blocked,5000,130,1.0615867620072095,1.061207715893397,0.005098493548978108
openmp_tile_parallel_blocked,5000,131,1.099757045521983,1.1023681252991082,0.00821818912017048
openmp_tile_parallel_blocked,5000,132,1.1334255254914751,1.1355297334957868,0.007531400989814387
openmp_tile_parallel_blocked,5000,133,1.1142466820019763,1.114992815905134,0.006001984537018319
openmp_tile_parallel_blocked,5000,134,1.0963804839993827,1.0957885063020512,0.006572355468084759
openmp_tile_parallel_blocked,5000,135,1.1341326514957473,1.135064746098942,0.003690498832911678
openmp_tile_parallel_blocked,5000,136,1.1693532015051458,1.1700844537990633,0.004295204138773189
openmp_tile_parallel_blocked,5000,137,1.1526722705020802,1.1524979806010378,0.004671536563276699
openmp_tile_parallel_blocked,5000,138,1.1315812395041576,1.1304102869034978,0.0046129393122441385
openmp_tile_parallel_blocked,5000,139,1.1638504044967704,1.164047191804275,0.0027514550346784787
openmp_tile_parallel_blocked,5000,140,1.2101509570056805,1.2089380800985965,0.004311565646290514
openmp_tile_parallel_blocked,5000,141,1.1847117124998476,1.1853717125981347,0.006436461396063043
openmp_tile_parallel_blocked,5000,142,1.166928956998163,1.1686935973004438,0.005466193686377693
openmp_tile_parallel_blocked,5000,143,1.19777557249472,1.1998376920993905,0.006445394287283634
openmp_tile_parallel_blocked,5000,144,1.238794147488079,1.238842389898491,0.00480309303118691
openmp_tile_parallel_blocked,5000,145,1.2192627134936629,1.2170766406023177,0.005912301542427121
openmp_tile_parallel_blocked,5000,146,1.1996471339953132,1.1996633554954315,0.005281798126145533
openmp_tile_parallel_blocked,5000,147,1.2376136874954682,1.2386584419000428,0.009665133481614224
openmp_tile_parallel_blocked,5000,148,1.27495396300219,1.274431546998676,0.004223137450801211
openmp_tile_parallel_blocked,5000,149,1.2534336509997956,1.2563973001000703,0.007879327206543444
openmp_tile_parallel_blocked,5000,150,1.2337092390080215,1.2329867128981278,0.005165801332422861
openmp_tile_parallel_blocked,5000,151,1.2695442640106192,1.2702105493051932,0.007813117645838053
openmp_tile_parallel_blocked,5000,152,1.3144624510023277,1.3134115906985244,0.004812207499413707
openmp_tile_parallel_blocked,5000,153,1.2866057900100714,1.287705504699261,0.004690342202793789
openmp_tile_parallel_blocked,5000,154,1.264224294500309,1.2651019823038951,0.004587410843949643
openmp_tile_parallel_blocked,5000,155,1.3126329649967374,1.311227320402395,0.006590972919867199
openmp_tile_parallel_blocked,5000,156,1.3462488674995257,1.3467723411973564,0.0022710421809074
openmp_tile_parallel_blocked,5000,157,1.324489367994829,1.3238099269976373,0.005910368122616665
openmp_tile_parallel_blocked,5000,158,1.3010567384917522,1.3012681886000792,0.006168717935934973
openmp_tile_parallel_blocked,5000,159,1.3394676144962432,1.3392227406002348,0.005601497713713608
openmp_tile_parallel_blocked,5000,160,1.38458626549982,1.3858535772975302,0.004287626449657071
openmp_tile_parallel_blocked,5000,161,1.3541750824952032,1.3537804955994943,0.005462337813488623
openmp_tile_parallel_blocked,5000,162,1.3390320879989304,1.3382866355008445,0.005881826575490542
openmp_tile_parallel_blocked,5000,163,1.3713268444989808,1.3713651283062063,0.004774476979913428
openmp_tile_parallel_blocked,5000,164,1.4218231734994333,1.4213932398066391,0.004634893703131732
openmp_tile_parallel_blocked,5000,165,1.3964361119869864,1.3962350378948032,0.0057672865749627145
openmp_tile_parallel_blocked,5000,166,1.3621522984904004,1.3619972440967103,0.005911699665049768
openmp_tile_parallel_blocked,5000,167,1.4151016204996267,1.4147318913019262,0.0037802013124042314
openmp_tile_parallel_blocked,5000,168,1.4541352100059157,1.4554280790995109,0.003954631251481338
openmp_tile_parallel_blocked,5000,169,1.4337547275063116,1.433912449007039,0.005683914678914241
openmp_tile_parallel_blocked,5000,170,1.4032675334892701,1.4021203089941991,0.004205769653358725
openmp_tile_parallel_blocked,5000,171,1.4478955270169536,1.4497372766054468,0.005179703266776763
openmp_tile_parallel_blocked,5000,172,1.4930556354956934,1.4921602554968558,0.0055956901742644696
openmp_tile_parallel_blocked,5000,173,1.4614338095125277,1.4618290057987906,0.0035341009286084506
openmp_tile_parallel_blocked,5000,174,1.433782173495274,1.434818545600865,0.0038743272474878526
openmp_tile_parallel_blocked,5000,175,1.4810301379911834,1.4790217383037088,0.007044443436454584
openmp_tile_parallel_blocked,5000,176,1.526825587003259,1.5282487969001521,0.003555676861495565
openmp_tile_parallel_blocked,5000,177,1.500208648489206,1.4988756854931125,0.00541197453719681
openmp_tile_parallel_blocked,5000,178,1.4692405945097562,1.4687894119037082,0.0065690606314456924
openmp_tile_parallel_blocked,5000,179,1.51434515650908,1.5137421364022885,0.005767691046138171
openmp_tile_parallel_blocked,5000,180,1.5643238035117975,1.5628051778039662,0.005873211068186533
openmp_tile_parallel_blocked,5000,181,1.5306067390047247,1.5296486589038978,0.004332780446711539
openmp_tile_parallel_blocked,5000,182,1.5077714895014651,1.5067813133995513,0.005473470077591251
openmp_tile_parallel_blocked,5000,183,1.5493454070092412,1.5484945456002606,0.006263364270696485
openmp_tile_parallel_blocked,5000,184,1.5986710780125577,1.5999163082015002,0.006601256489831175
openmp_tile_parallel_blocked,5000,185,1.5629104170075152,1.5639555544039467,0.006883330160273086
openmp_tile_parallel_blocked,5000,186,1.542005141498521,1.541644174203975,0.004460399293938042
openmp_tile_parallel_blocked,5000,187,1.5836903154995525,1.5840921046037693,0.005397747019457539
openmp_tile_parallel_blocked,5000,188,1.6342391174985096,1.6354898333986057,0.0039374982605103834
openmp_tile_parallel_blocked,5000,189,1.6035197645105654,1.6039439524058252,0.0037307575464233145
openmp_tile_parallel_blocked,5000,190,1.5700479710067157,1.5698765190987616,0.0031825118146858148
openmp_tile_parallel_blocked,5000,191,1.6248300854931585,1.6245728059031534,0.005089022330455593
openmp_tile_parallel_blocked,5000,192,1.6697383005084703,1.6698797343007754,0.0075431382482768015
openmp_tile_parallel_blocked,5000,193,1.6421371570031624,1.6432573836966184,0.006078743744679779
openmp_tile_parallel_blocked,5000,194,1.6065063040150562,1.6063196689006873,0.006750256986364994
openmp_tile_parallel_blocked,5000,195,1.662258219512296,1.6620615865045694,0.008152670028340164
openmp_tile_parallel_blocked,5000,196,1.7101245810044927,1.7108840856031748,0.005047374337953936
openmp_tile_parallel_blocked,5000,197,1.6786836640094407,1.6787068780016852,0.003683904080818569
openmp_tile_parallel_blocked,5000,198,1.6425869969971245,1.6426849645038601,0.006757788984228149
openmp_tile_parallel_blocked,5000,199,1.6915289404860232,1.6917568511969876,0.005397696552498269
openmp_tile_parallel_blocked,5000,200,1.7467370249942178,1.7463997041020776,0.001669430785341881
