method,n,block_size,repeat,elapsed_seconds,logdet_library,logdet_factor,relative_difference_percent
openmp_task_dag_blocked,5000,16,0,129.12532287900000938,,,
openmp_task_dag_blocked,5000,16,1,128.094527832000011358,,,
openmp_task_dag_blocked,5000,16,2,128.362514146000023629,,,
openmp_task_dag_blocked,5000,17,0,108.146289693999960946,,,
openmp_task_dag_blocked,5000,17,1,106.786159577000034915,,,
openmp_task_dag_blocked,5000,17,2,105.531823317000089446,,,
openmp_task_dag_blocked,5000,18,0,90.9109652809999033707,,,
openmp_task_dag_blocked,5000,18,1,88.3915170249999846419,,,
openmp_task_dag_blocked,5000,18,2,89.6055876190000617498,,,
openmp_task_dag_blocked,5000,19,0,76.2188587420000658312,,,
openmp_task_dag_blocked,5000,19,1,75.3463898679999601882,,,
openmp_task_dag_blocked,5000,19,2,76.0807995810000647907,,,
openmp_task_dag_blocked,5000,20,0,64.99468107500001679,,,
openmp_task_dag_blocked,5000,20,1,64.8052252360000693443,,,
openmp_task_dag_blocked,5000,20,2,65.7233161660001314885,,,
openmp_task_dag_blocked,5000,21,0,56.346707464999781223,,,
openmp_task_dag_blocked,5000,21,1,55.9245984239998961129,,,
openmp_task_dag_blocked,5000,21,2,56.021920736000083707,,,
openmp_task_dag_blocked,5000,22,0,48.780174658000078125,,,
openmp_task_dag_blocked,5000,22,1,48.762889956999970309,,,
openmp_task_dag_blocked,5000,22,2,48.4640783320000991807,,,
openmp_task_dag_blocked,5000,23,0,42.3277897140001186926,,,
openmp_task_dag_blocked,5000,23,1,43.1117844579998745758,,,
openmp_task_dag_blocked,5000,23,2,42.6344867600000725361,,,
openmp_task_dag_blocked,5000,24,0,37.6491149089999908028,,,
openmp_task_dag_blocked,5000,24,1,42.4356808099998943362,,,
openmp_task_dag_blocked,5000,24,2,37.466956473999971422,,,
openmp_task_dag_blocked,5000,25,0,32.5519583780001084961,,,
openmp_task_dag_blocked,5000,25,1,32.761101650000000518,,,
openmp_task_dag_blocked,5000,25,2,32.2371520480000981479,,,
openmp_task_dag_blocked,5000,26,0,29.3785156069998265593,,,
openmp_task_dag_blocked,5000,26,1,29.3626069679999091022,,,
openmp_task_dag_blocked,5000,26,2,29.9070969849999528378,,,
openmp_task_dag_blocked,5000,27,0,25.5052013019999321841,,,
openmp_task_dag_blocked,5000,27,1,25.7241718509999373055,,,
openmp_task_dag_blocked,5000,27,2,28.0284923680001156754,,,
openmp_task_dag_blocked,5000,28,0,25.4991878569999244064,,,
openmp_task_dag_blocked,5000,28,1,23.2741447040002640279,,,
openmp_task_dag_blocked,5000,28,2,23.3587883980003425677,,,
openmp_task_dag_blocked,5000,29,0,20.8326650319995678728,,,
openmp_task_dag_blocked,5000,29,1,20.9555232509997040324,,,
openmp_task_dag_blocked,5000,29,2,20.8584410049998041359,,,
openmp_task_dag_blocked,5000,30,0,18.7956763879997197364,,,
openmp_task_dag_blocked,5000,30,1,19.3149887050003599143,,,
openmp_task_dag_blocked,5000,30,2,18.4712325260002216964,,,
openmp_task_dag_blocked,5000,31,0,16.7219947519997731433,,,
openmp_task_dag_blocked,5000,31,1,17.4013691049999579263,,,
openmp_task_dag_blocked,5000,31,2,18.6074324390001493157,,,
openmp_task_dag_blocked,5000,32,0,16.0266432109997367661,,,
openmp_task_dag_blocked,5000,32,1,16.0848636620003162534,,,
openmp_task_dag_blocked,5000,32,2,15.4686626590000741999,,,
openmp_task_dag_blocked,5000,33,0,13.8844228689999908966,,,
openmp_task_dag_blocked,5000,33,1,13.6188521389999550593,,,
openmp_task_dag_blocked,5000,33,2,13.8027841989996886696,,,
openmp_task_dag_blocked,5000,34,0,13.0701913549996788788,,,
openmp_task_dag_blocked,5000,34,1,13.1338438239999959478,,,
openmp_task_dag_blocked,5000,34,2,13.1641922310000154539,,,
openmp_task_dag_blocked,5000,35,0,11.5072124729999814008,,,
openmp_task_dag_blocked,5000,35,1,11.7731858319998536899,,,
openmp_task_dag_blocked,5000,35,2,11.4518071920001602848,,,
openmp_task_dag_blocked,5000,36,0,10.8231584810000640573,,,
openmp_task_dag_blocked,5000,36,1,10.7851372840000294673,,,
openmp_task_dag_blocked,5000,36,2,11.1211546310000812809,,,
openmp_task_dag_blocked,5000,37,0,10.0226586850003513973,,,
openmp_task_dag_blocked,5000,37,1,9.97452978700039238902,,,
openmp_task_dag_blocked,5000,37,2,10.2744696849999854749,,,
openmp_task_dag_blocked,5000,38,0,9.5617551760001333605,,,
openmp_task_dag_blocked,5000,38,1,9.03443186999993486097,,,
openmp_task_dag_blocked,5000,38,2,9.40710654899976361776,,,
openmp_task_dag_blocked,5000,39,0,8.54317408299993985565,,,
openmp_task_dag_blocked,5000,39,1,8.57257717099992078147,,,
openmp_task_dag_blocked,5000,39,2,8.96746846700034438982,,,
openmp_task_dag_blocked,5000,40,0,7.71027628399997411179,,,
openmp_task_dag_blocked,5000,40,1,8.02335505499968348886,,,
openmp_task_dag_blocked,5000,40,2,8.09730615299986311584,,,
openmp_task_dag_blocked,5000,41,0,7.19511800000009316136,,,
openmp_task_dag_blocked,5000,41,1,7.1071558929997991072,,,
openmp_task_dag_blocked,5000,41,2,7.12218406000010872958,,,
openmp_task_dag_blocked,5000,42,0,6.84876967399986824603,,,
openmp_task_dag_blocked,5000,42,1,6.83010529700004553888,,,
openmp_task_dag_blocked,5000,42,2,7.10459243800005424418,,,
openmp_task_dag_blocked,5000,43,0,6.30515527599982306128,,,
openmp_task_dag_blocked,5000,43,1,6.36095062200001848396,,,
openmp_task_dag_blocked,5000,43,2,6.68639103599980444415,,,
openmp_task_dag_blocked,5000,44,0,5.8848940419998143625,,,
openmp_task_dag_blocked,5000,44,1,5.93644376399970497005,,,
openmp_task_dag_blocked,5000,44,2,5.92694889100039290497,,,
openmp_task_dag_blocked,5000,45,0,5.62452787499978512642,,,
openmp_task_dag_blocked,5000,45,1,5.49019124899996313616,,,
openmp_task_dag_blocked,5000,45,2,5.71694122600001719547,,,
openmp_task_dag_blocked,5000,46,0,5.1359413619998122158,,,
openmp_task_dag_blocked,5000,46,1,4.99529165200010538683,,,
openmp_task_dag_blocked,5000,46,2,4.98635299800025677541,,,
openmp_task_dag_blocked,5000,47,0,4.84130048899987741606,,,
openmp_task_dag_blocked,5000,47,1,4.6676181709999582381,,,
openmp_task_dag_blocked,5000,47,2,4.86242128600042633479,,,
openmp_task_dag_blocked,5000,48,0,4.70889698300015879795,,,
openmp_task_dag_blocked,5000,48,1,4.6209558810000999074,,,
openmp_task_dag_blocked,5000,48,2,4.49401855900032387581,,,
openmp_task_dag_blocked,5000,49,0,4.35641705499983800109,,,
openmp_task_dag_blocked,5000,49,1,4.27346078800019313348,,,
openmp_task_dag_blocked,5000,49,2,4.43123674400021627662,,,
openmp_task_dag_blocked,5000,50,0,3.68823815799987642094,,,
openmp_task_dag_blocked,5000,50,1,3.9086110060002283717,,,
openmp_task_dag_blocked,5000,50,2,3.92807470799971270026,,,
openmp_task_dag_blocked,5000,51,0,3.90996625200023117941,,,
openmp_task_dag_blocked,5000,51,1,3.74638850700011971639,,,
openmp_task_dag_blocked,5000,51,2,3.87594046200001685065,,,
openmp_task_dag_blocked,5000,52,0,3.61514443700025367434,,,
openmp_task_dag_blocked,5000,52,1,3.59592393100001572748,,,
openmp_task_dag_blocked,5000,52,2,3.58799401799979023053,,,
openmp_task_dag_blocked,5000,53,0,3.30024870600027497858,,,
openmp_task_dag_blocked,5000,53,1,3.13444170299999314011,,,
openmp_task_dag_blocked,5000,53,2,3.33291167500010487856,,,
openmp_task_dag_blocked,5000,54,0,3.43526983299989296938,,,
openmp_task_dag_blocked,5000,54,1,3.41346315900000263355,,,
openmp_task_dag_blocked,5000,54,2,3.13416748200006622938,,,
openmp_task_dag_blocked,5000,55,0,2.87130775499963419861,,,
openmp_task_dag_blocked,5000,55,1,2.75231340500022270135,,,
openmp_task_dag_blocked,5000,55,2,2.91686924299983729725,,,
openmp_task_dag_blocked,5000,56,0,2.93158063300006688223,,,
openmp_task_dag_blocked,5000,56,1,2.84258019999970201752,,,
openmp_task_dag_blocked,5000,56,2,2.78903515100000731763,,,
openmp_task_dag_blocked,5000,57,0,2.53613173500025368412,,,
openmp_task_dag_blocked,5000,57,1,2.62866870300013033557,,,
openmp_task_dag_blocked,5000,57,2,2.65757132299995646463,,,
openmp_task_dag_blocked,5000,58,0,2.40809588000001895125,,,
openmp_task_dag_blocked,5000,58,1,2.38100558300038755988,,,
openmp_task_dag_blocked,5000,58,2,2.39754967099997884361,,,
openmp_task_dag_blocked,5000,59,0,2.28626967699983651983,,,
openmp_task_dag_blocked,5000,59,1,2.24203855599989765324,,,
openmp_task_dag_blocked,5000,59,2,2.33960016399987580371,,,
openmp_task_dag_blocked,5000,60,0,2.20143540499975642888,,,
openmp_task_dag_blocked,5000,60,1,2.11048254999968776247,,,
openmp_task_dag_blocked,5000,60,2,2.15368648300000131712,,,
openmp_task_dag_blocked,5000,61,0,1.93472592099988105474,,,
openmp_task_dag_blocked,5000,61,1,2.02247799999986455077,,,
openmp_task_dag_blocked,5000,61,2,2.07975317899990841397,,,
openmp_task_dag_blocked,5000,62,0,2.01548937600000499515,,,
openmp_task_dag_blocked,5000,62,1,1.80887170300002253498,,,
openmp_task_dag_blocked,5000,62,2,1.82958538000002590707,,,
openmp_task_dag_blocked,5000,63,0,1.73717596500000581727,,,
openmp_task_dag_blocked,5000,63,1,1.64812868900025932817,,,
openmp_task_dag_blocked,5000,63,2,1.74143546000004789676,,,
openmp_task_dag_blocked,5000,64,0,1.6884203039999192697,,,
openmp_task_dag_blocked,5000,64,1,1.70178013899976576795,,,
openmp_task_dag_blocked,5000,64,2,1.76995069999975385144,,,
openmp_task_dag_blocked,5000,65,0,1.54261410600020099082,,,
openmp_task_dag_blocked,5000,65,1,1.58375353199971868889,,,
openmp_task_dag_blocked,5000,65,2,1.5389501320000817941,,,
openmp_task_dag_blocked,5000,66,0,1.27543514199987839675,,,
openmp_task_dag_blocked,5000,66,1,1.35639974200012147776,,,
openmp_task_dag_blocked,5000,66,2,1.38347112499968716293,,,
openmp_task_dag_blocked,5000,67,0,1.19996182900013081962,,,
openmp_task_dag_blocked,5000,67,1,1.17258210399995732587,,,
openmp_task_dag_blocked,5000,67,2,1.16218188499988173135,,,
openmp_task_dag_blocked,5000,68,0,1.32451225300019359565,,,
openmp_task_dag_blocked,5000,68,1,1.25474671899974055123,,,
openmp_task_dag_blocked,5000,68,2,1.32605654400003913906,,,
openmp_task_dag_blocked,5000,69,0,1.05590232999975341954,,,
openmp_task_dag_blocked,5000,69,1,1.01625083699991591857,,,
openmp_task_dag_blocked,5000,69,2,1.07286215600015566451,,,
openmp_task_dag_blocked,5000,70,0,0.942189442000199051108,,,
openmp_task_dag_blocked,5000,70,1,0.690448179999748390401,,,
openmp_task_dag_blocked,5000,70,2,0.750710542999968311051,,,
openmp_task_dag_blocked,5000,71,0,0.63056028299979516305,,,
openmp_task_dag_blocked,5000,71,1,0.591221362999931443483,,,
openmp_task_dag_blocked,5000,71,2,0.614851538000038999598,,,
openmp_task_dag_blocked,5000,72,0,0.747536094999759370694,,,
openmp_task_dag_blocked,5000,72,1,0.878712799999902927084,,,
openmp_task_dag_blocked,5000,72,2,0.868922807999751967145,,,
openmp_task_dag_blocked,5000,73,0,0.349894926000160921831,,,
openmp_task_dag_blocked,5000,73,1,0.447717167000064364402,,,
openmp_task_dag_blocked,5000,73,2,0.454246322000017244136,,,
openmp_task_dag_blocked,5000,74,0,0.555695092000405566068,,,
openmp_task_dag_blocked,5000,74,1,0.579034248999960254878,,,
openmp_task_dag_blocked,5000,74,2,0.580176141000265488401,,,
openmp_task_dag_blocked,5000,75,0,0.298390910000307485461,,,
openmp_task_dag_blocked,5000,75,1,0.296004611999705957714,,,
openmp_task_dag_blocked,5000,75,2,0.317680328000278677791,,,
openmp_task_dag_blocked,5000,76,0,0.272657880999759072438,,,
openmp_task_dag_blocked,5000,76,1,0.418929501999627973419,,,
openmp_task_dag_blocked,5000,76,2,0.264811401999850204447,,,
openmp_task_dag_blocked,5000,77,0,0.304319677999956184067,,,
openmp_task_dag_blocked,5000,77,1,0.251795543999833171256,,,
openmp_task_dag_blocked,5000,77,2,0.306478352999874914531,,,
openmp_task_dag_blocked,5000,78,0,0.23887133700009144377,,,
openmp_task_dag_blocked,5000,78,1,0.324272950000249693403,,,
openmp_task_dag_blocked,5000,78,2,0.242134964999877411174,,,
openmp_task_dag_blocked,5000,79,0,0.285837909999827388674,,,
openmp_task_dag_blocked,5000,79,1,0.277106403999823669437,,,
openmp_task_dag_blocked,5000,79,2,0.284400598999582143733,,,
openmp_task_dag_blocked,5000,80,0,0.310004545000083453488,,,
openmp_task_dag_blocked,5000,80,1,0.231237703999795485288,,,
openmp_task_dag_blocked,5000,80,2,0.221492070999829593347,,,
openmp_task_dag_blocked,5000,81,0,0.265644565999991755234,,,
openmp_task_dag_blocked,5000,81,1,0.285848817999976745341,,,
openmp_task_dag_blocked,5000,81,2,0.265526909000072919298,,,
openmp_task_dag_blocked,5000,82,0,0.237829759999840462115,,,
openmp_task_dag_blocked,5000,82,1,0.265976648000105342362,,,
openmp_task_dag_blocked,5000,82,2,0.274740508000377303688,,,
openmp_task_dag_blocked,5000,83,0,0.290880358999856980518,,,
openmp_task_dag_blocked,5000,83,1,0.268763321000278665451,,,
openmp_task_dag_blocked,5000,83,2,0.246073825999701512046,,,
openmp_task_dag_blocked,5000,84,0,0.263073141999939252855,,,
openmp_task_dag_blocked,5000,84,1,0.228132877000007283641,,,
openmp_task_dag_blocked,5000,84,2,0.217235123000136809424,,,
openmp_task_dag_blocked,5000,85,0,0.251392011999996611848,,,
openmp_task_dag_blocked,5000,85,1,0.253153187999942019815,,,
openmp_task_dag_blocked,5000,85,2,0.244827318999796261778,,,
openmp_task_dag_blocked,5000,86,0,0.227279939000254671555,,,
openmp_task_dag_blocked,5000,86,1,0.230932814999960100977,,,
openmp_task_dag_blocked,5000,86,2,0.222292126999946049182,,,
openmp_task_dag_blocked,5000,87,0,0.259745715000008203788,,,
openmp_task_dag_blocked,5000,87,1,0.266190570999697229126,,,
openmp_task_dag_blocked,5000,87,2,0.248352450999846041668,,,
openmp_task_dag_blocked,5000,88,0,0.226199062999967281939,,,
openmp_task_dag_blocked,5000,88,1,0.239205888000014965655,,,
openmp_task_dag_blocked,5000,88,2,0.219903776999672118109,,,
openmp_task_dag_blocked,5000,89,0,0.245968831000027421396,,,
openmp_task_dag_blocked,5000,89,1,0.22243957399996361346,,,
openmp_task_dag_blocked,5000,89,2,0.242359511999893584289,,,
openmp_task_dag_blocked,5000,90,0,0.238495946000057301717,,,
openmp_task_dag_blocked,5000,90,1,0.21575814500010892516,,,
openmp_task_dag_blocked,5000,90,2,0.210328215000117779709,,,
openmp_task_dag_blocked,5000,91,0,0.263410434000434179325,,,
openmp_task_dag_blocked,5000,91,1,0.247960693000095488969,,,
openmp_task_dag_blocked,5000,91,2,0.246223511000152939232,,,
openmp_task_dag_blocked,5000,92,0,0.234123914000065269647,,,
openmp_task_dag_blocked,5000,92,1,0.221103695000238076318,,,
openmp_task_dag_blocked,5000,92,2,0.2388319750002665387,,,
openmp_task_dag_blocked,5000,93,0,0.247834723999858397292,,,
openmp_task_dag_blocked,5000,93,1,0.218445390999931987608,,,
openmp_task_dag_blocked,5000,93,2,0.236650206000376783777,,,
openmp_task_dag_blocked,5000,94,0,0.205726321000383904902,,,
openmp_task_dag_blocked,5000,94,1,0.227024496000012732111,,,
openmp_task_dag_blocked,5000,94,2,0.205206930999793257797,,,
openmp_task_dag_blocked,5000,95,0,0.268282791999808978289,,,
openmp_task_dag_blocked,5000,95,1,0.221490218000326422043,,,
openmp_task_dag_blocked,5000,95,2,0.242405818999941402581,,,
openmp_task_dag_blocked,5000,96,0,0.215701623999848379754,,,
openmp_task_dag_blocked,5000,96,1,0.216957257000103709288,,,
openmp_task_dag_blocked,5000,96,2,0.21570322599973223987,,,
openmp_task_dag_blocked,5000,97,0,0.218315182999958778964,,,
openmp_task_dag_blocked,5000,97,1,0.222792791999836481409,,,
openmp_task_dag_blocked,5000,97,2,0.226014178000241372501,,,
openmp_task_dag_blocked,5000,98,0,0.208296181000150681939,,,
openmp_task_dag_blocked,5000,98,1,0.20725079600015305914,,,
openmp_task_dag_blocked,5000,98,2,0.203581622999990941025,,,
openmp_task_dag_blocked,5000,99,0,0.227405179000015778001,,,
openmp_task_dag_blocked,5000,99,1,0.235728608000044914661,,,
openmp_task_dag_blocked,5000,99,2,0.230022556000221811701,,,
openmp_task_dag_blocked,5000,100,0,0.195586339999863412231,,,
openmp_task_dag_blocked,5000,100,1,0.19138552999993407866,,,
openmp_task_dag_blocked,5000,100,2,0.219409691999771894189,,,
openmp_task_dag_blocked,5000,101,0,0.223077657999965595081,,,
openmp_task_dag_blocked,5000,101,1,0.204176727999765716959,,,
openmp_task_dag_blocked,5000,101,2,0.214780103000066446839,,,
openmp_task_dag_blocked,5000,102,0,0.222371679999923799187,,,
openmp_task_dag_blocked,5000,102,1,0.197637635999853955582,,,
openmp_task_dag_blocked,5000,102,2,0.206418594000297161983,,,
openmp_task_dag_blocked,5000,103,0,0.206059026999810157577,,,
openmp_task_dag_blocked,5000,103,1,0.212018667999927856727,,,
openmp_task_dag_blocked,5000,103,2,0.23304504099996847799,,,
openmp_task_dag_blocked,5000,104,0,0.190006244999949558405,,,
openmp_task_dag_blocked,5000,104,1,0.214724612000281922519,,,
openmp_task_dag_blocked,5000,104,2,0.195347945000321487896,,,
openmp_task_dag_blocked,5000,105,0,0.199934848999873793218,,,
openmp_task_dag_blocked,5000,105,1,0.216702319999967585318,,,
openmp_task_dag_blocked,5000,105,2,0.207322484000087570166,,,
openmp_task_dag_blocked,5000,106,0,0.201793063999957666965,,,
openmp_task_dag_blocked,5000,106,1,0.204310330000225803815,,,
openmp_task_dag_blocked,5000,106,2,0.207024930999978096224,,,
openmp_task_dag_blocked,5000,107,0,0.211287961999914841726,,,
openmp_task_dag_blocked,5000,107,1,0.209681125999850337394,,,
openmp_task_dag_blocked,5000,107,2,0.211346052000408235472,,,
openmp_task_dag_blocked,5000,108,0,0.206092283000089082634,,,
openmp_task_dag_blocked,5000,108,1,0.249551210999925388023,,,
openmp_task_dag_blocked,5000,108,2,0.205770888000188278966,,,
openmp_task_dag_blocked,5000,109,0,0.201536881999800243648,,,
openmp_task_dag_blocked,5000,109,1,0.1936337279998951999,,,
openmp_task_dag_blocked,5000,109,2,0.194692794999809848377,,,
openmp_task_dag_blocked,5000,110,0,0.208480885999961174093,,,
openmp_task_dag_blocked,5000,110,1,0.195628459000090515474,,,
openmp_task_dag_blocked,5000,110,2,0.191716540000015811529,,,
openmp_task_dag_blocked,5000,111,0,0.196184502000050997594,,,
openmp_task_dag_blocked,5000,111,1,0.197672023999984958209,,,
openmp_task_dag_blocked,5000,111,2,0.197620031000042217784,,,
openmp_task_dag_blocked,5000,112,0,0.205937078000260953559,,,
openmp_task_dag_blocked,5000,112,1,0.190780194999661034672,,,
openmp_task_dag_blocked,5000,112,2,0.201567212000099971192,,,
openmp_task_dag_blocked,5000,113,0,0.196327668000321864383,,,
openmp_task_dag_blocked,5000,113,1,0.203813609999997424893,,,
openmp_task_dag_blocked,5000,113,2,0.19598929699986911146,,,
openmp_task_dag_blocked,5000,114,0,0.187330279999969206983,,,
openmp_task_dag_blocked,5000,114,1,0.188989222000145673519,,,
openmp_task_dag_blocked,5000,114,2,0.188498432999949727673,,,
openmp_task_dag_blocked,5000,115,0,0.207577766999747836962,,,
openmp_task_dag_blocked,5000,115,1,0.206668486000125994906,,,
openmp_task_dag_blocked,5000,115,2,0.197158350999870890519,,,
openmp_task_dag_blocked,5000,116,0,0.203511021000394975999,,,
openmp_task_dag_blocked,5000,116,1,0.202965464999579126015,,,
openmp_task_dag_blocked,5000,116,2,0.192980965000060677994,,,
openmp_task_dag_blocked,5000,117,0,0.196292262000042683212,,,
openmp_task_dag_blocked,5000,117,1,0.1982322240000939928,,,
openmp_task_dag_blocked,5000,117,2,0.201790009999967878684,,,
openmp_task_dag_blocked,5000,118,0,0.19435049200001230929,,,
openmp_task_dag_blocked,5000,118,1,0.192885272000239638146,,,
openmp_task_dag_blocked,5000,118,2,0.187750582999797188677,,,
openmp_task_dag_blocked,5000,119,0,0.207863284999802999664,,,
openmp_task_dag_blocked,5000,119,1,0.201413132999732624739,,,
openmp_task_dag_blocked,5000,119,2,0.213894276999781141058,,,
openmp_task_dag_blocked,5000,120,0,0.199270452999826375162,,,
openmp_task_dag_blocked,5000,120,1,0.188887611000154720386,,,
openmp_task_dag_blocked,5000,120,2,0.192528811000101995887,,,
openmp_task_dag_blocked,5000,121,0,0.197979840999778389232,,,
openmp_task_dag_blocked,5000,121,1,0.208719364999979006825,,,
openmp_task_dag_blocked,5000,121,2,0.194079223000244383002,,,
openmp_task_dag_blocked,5000,122,0,0.188626778999605448917,,,
openmp_task_dag_blocked,5000,122,1,0.188006035999933374114,,,
openmp_task_dag_blocked,5000,122,2,0.195459242000197264133,,,
openmp_task_dag_blocked,5000,123,0,0.194167416999789566034,,,
openmp_task_dag_blocked,5000,123,1,0.202938758000072994037,,,
openmp_task_dag_blocked,5000,123,2,0.19572840499995436403,,,
openmp_task_dag_blocked,5000,124,0,0.195655648999945697142,,,
openmp_task_dag_blocked,5000,124,1,0.188741428999946947442,,,
openmp_task_dag_blocked,5000,124,2,0.184826280000379483681,,,
openmp_task_dag_blocked,5000,125,0,0.194576961000166193116,,,
openmp_task_dag_blocked,5000,125,1,0.192656763999821123434,,,
openmp_task_dag_blocked,5000,125,2,0.19120516100019813166,,,
openmp_task_dag_blocked,5000,126,0,0.188691917999676661566,,,
openmp_task_dag_blocked,5000,126,1,0.186107257000003301073,,,
openmp_task_dag_blocked,5000,126,2,0.188051396999981079716,,,
openmp_task_dag_blocked,5000,127,0,0.196583977000045706518,,,
openmp_task_dag_blocked,5000,127,1,0.194540305999908014201,,,
openmp_task_dag_blocked,5000,127,2,0.205908552999972016551,,,
openmp_task_dag_blocked,5000,128,0,0.190660026999921683455,,,
openmp_task_dag_blocked,5000,128,1,0.190195896000204811571,,,
openmp_task_dag_blocked,5000,128,2,0.185698112999943987234,,,
openmp_task_dag_blocked,5000,129,0,0.195112810999944485957,,,
openmp_task_dag_blocked,5000,129,1,0.186912630000279023079,,,
openmp_task_dag_blocked,5000,129,2,0.19007050700020045042,,,
openmp_task_dag_blocked,5000,130,0,0.193440340000051946845,,,
openmp_task_dag_blocked,5000,130,1,0.185913521000202308642,,,
openmp_task_dag_blocked,5000,130,2,0.181131482999717263738,,,
openmp_task_dag_blocked,5000,131,0,0.202037827999902219744,,,
openmp_task_dag_blocked,5000,131,1,0.193166575999839551514,,,
openmp_task_dag_blocked,5000,131,2,0.194834701000218046829,,,
openmp_task_dag_blocked,5000,132,0,0.185322592999909829814,,,
openmp_task_dag_blocked,5000,132,1,0.186737046999951417092,,,
openmp_task_dag_blocked,5000,132,2,0.186116665000099601457,,,
openmp_task_dag_blocked,5000,133,0,0.186195597999812889611,,,
openmp_task_dag_blocked,5000,133,1,0.200645921000159432879,,,
openmp_task_dag_blocked,5000,133,2,0.192229754999971191864,,,
openmp_task_dag_blocked,5000,134,0,0.185246381000069959555,,,
openmp_task_dag_blocked,5000,134,1,0.179435905999980604975,,,
openmp_task_dag_blocked,5000,134,2,0.184151033000034658471,,,
openmp_task_dag_blocked,5000,135,0,0.197024612999939563451,,,
openmp_task_dag_blocked,5000,135,1,0.192646928000158368377,,,
openmp_task_dag_blocked,5000,135,2,0.195584458000212180195,,,
openmp_task_dag_blocked,5000,136,0,0.185442041999976936495,,,
openmp_task_dag_blocked,5000,136,1,0.185114075000001321314,,,
openmp_task_dag_blocked,5000,136,2,0.189205320999917603331,,,
openmp_task_dag_blocked,5000,137,0,0.18983455400029924931,,,
openmp_task_dag_blocked,5000,137,1,0.189204476000213617226,,,
openmp_task_dag_blocked,5000,137,2,0.187690478000149596483,,,
openmp_task_dag_blocked,5000,138,0,0.180770547000065562315,,,
openmp_task_dag_blocked,5000,138,1,0.191667509000126301544,,,
openmp_task_dag_blocked,5000,138,2,0.186032647000047290931,,,
openmp_task_dag_blocked,5000,139,0,0.191879255999992892612,,,
openmp_task_dag_blocked,5000,139,1,0.192455251999945176067,,,
openmp_task_dag_blocked,5000,139,2,0.192605183000068791443,,,
openmp_task_dag_blocked,5000,140,0,0.188123827000254095765,,,
openmp_task_dag_blocked,5000,140,1,0.183757464999871444888,,,
openmp_task_dag_blocked,5000,140,2,0.181824925000000803266,,,
openmp_task_dag_blocked,5000,141,0,0.188820532000136154238,,,
openmp_task_dag_blocked,5000,141,1,0.189194834999852901092,,,
openmp_task_dag_blocked,5000,141,2,0.186533951999990676995,,,
openmp_task_dag_blocked,5000,142,0,0.178887795999798981939,,,
openmp_task_dag_blocked,5000,142,1,0.172260247999929561047,,,
openmp_task_dag_blocked,5000,142,2,0.178072304000124859158,,,
openmp_task_dag_blocked,5000,143,0,0.197928587999740557279,,,
openmp_task_dag_blocked,5000,143,1,0.193498691000058897771,,,
openmp_task_dag_blocked,5000,143,2,0.193214334000003873371,,,
openmp_task_dag_blocked,5000,144,0,0.186978749999980209395,,,
openmp_task_dag_blocked,5000,144,1,0.185987602000295737525,,,
openmp_task_dag_blocked,5000,144,2,0.182258662999629450496,,,
openmp_task_dag_blocked,5000,145,0,0.183823737000238907058,,,
openmp_task_dag_blocked,5000,145,1,0.186938264000218623551,,,
openmp_task_dag_blocked,5000,145,2,0.183552746999794180738,,,
openmp_task_dag_blocked,5000,146,0,0.173830726000232971273,,,
openmp_task_dag_blocked,5000,146,1,0.182822995000151422573,,,
openmp_task_dag_blocked,5000,146,2,0.178661360000205604592,,,
openmp_task_dag_blocked,5000,147,0,0.188200055999914184213,,,
openmp_task_dag_blocked,5000,147,1,0.190594971000336954603,,,
openmp_task_dag_blocked,5000,147,2,0.18965447900018261862,,,
openmp_task_dag_blocked,5000,148,0,0.183585486000083619729,,,
openmp_task_dag_blocked,5000,148,1,0.191149344999757886399,,,
openmp_task_dag_blocked,5000,148,2,0.185965557999679731438,,,
openmp_task_dag_blocked,5000,149,0,0.188295739000295725418,,,
openmp_task_dag_blocked,5000,149,1,0.182890001000032498268,,,
openmp_task_dag_blocked,5000,149,2,0.190464394999708019895,,,
openmp_task_dag_blocked,5000,150,0,0.183017873999688163167,,,
openmp_task_dag_blocked,5000,150,1,0.178803759999937028624,,,
openmp_task_dag_blocked,5000,150,2,0.177284460000009858049,,,
openmp_task_dag_blocked,5000,151,0,0.192936804000055417418,,,
openmp_task_dag_blocked,5000,151,1,0.190415276000294397818,,,
openmp_task_dag_blocked,5000,151,2,0.185934040000120148761,,,
openmp_task_dag_blocked,5000,152,0,0.187107441000080143567,,,
openmp_task_dag_blocked,5000,152,1,0.18798893700022745179,,,
openmp_task_dag_blocked,5000,152,2,0.18371530900003563147,,,
openmp_task_dag_blocked,5000,153,0,0.186237027000061061699,,,
openmp_task_dag_blocked,5000,153,1,0.185285961999852588633,,,
openmp_task_dag_blocked,5000,153,2,0.185647049999715818558,,,
openmp_task_dag_blocked,5000,154,0,0.184128538000095431926,,,
openmp_task_dag_blocked,5000,154,1,0.184903408000081981299,,,
openmp_task_dag_blocked,5000,154,2,0.182373267999992094701,,,
openmp_task_dag_blocked,5000,155,0,0.184045293000053789001,,,
openmp_task_dag_blocked,5000,155,1,0.186815462000140541932,,,
openmp_task_dag_blocked,5000,155,2,0.189374614000371366274,,,
openmp_task_dag_blocked,5000,156,0,0.19001845799994043773,,,
openmp_task_dag_blocked,5000,156,1,0.186580839000271225814,,,
openmp_task_dag_blocked,5000,156,2,0.190220164000038494123,,,
openmp_task_dag_blocked,5000,157,0,0.186619496999810507987,,,
openmp_task_dag_blocked,5000,157,1,0.188130676000128005398,,,
openmp_task_dag_blocked,5000,157,2,0.187802147999718727078,,,
openmp_task_dag_blocked,5000,158,0,0.182008439999663096387,,,
openmp_task_dag_blocked,5000,158,1,0.180503036999652977102,,,
openmp_task_dag_blocked,5000,158,2,0.174517864999870653264,,,
openmp_task_dag_blocked,5000,159,0,0.187429022000287659466,,,
openmp_task_dag_blocked,5000,159,1,0.188721391999933985062,,,
openmp_task_dag_blocked,5000,159,2,0.189248759000292920973,,,
openmp_task_dag_blocked,5000,160,0,0.187499545999799011042,,,
openmp_task_dag_blocked,5000,160,1,0.1902439279997452104,,,
openmp_task_dag_blocked,5000,160,2,0.196841865999886067584,,,
openmp_task_dag_blocked,5000,161,0,0.190971472000001085689,,,
openmp_task_dag_blocked,5000,161,1,0.191995756999858713243,,,
openmp_task_dag_blocked,5000,161,2,0.191043215000263444381,,,
openmp_task_dag_blocked,5000,162,0,0.179658952000409044558,,,
openmp_task_dag_blocked,5000,162,1,0.181976728999870829284,,,
openmp_task_dag_blocked,5000,162,2,0.18420967399970322731,,,
openmp_task_dag_blocked,5000,163,0,0.194764480999765510205,,,
openmp_task_dag_blocked,5000,163,1,0.192606730000079551246,,,
openmp_task_dag_blocked,5000,163,2,0.192048247999991872348,,,
openmp_task_dag_blocked,5000,164,0,0.191661118999945756514,,,
openmp_task_dag_blocked,5000,164,1,0.189019660000212752493,,,
openmp_task_dag_blocked,5000,164,2,0.188950421999834361486,,,
openmp_task_dag_blocked,5000,165,0,0.195012519000101747224,,,
openmp_task_dag_blocked,5000,165,1,0.195733728000050177798,,,
openmp_task_dag_blocked,5000,165,2,0.194984892999855219387,,,
openmp_task_dag_blocked,5000,166,0,0.190519983000285719754,,,
openmp_task_dag_blocked,5000,166,1,0.178063358999679621775,,,
openmp_task_dag_blocked,5000,166,2,0.181825763999768241774,,,
openmp_task_dag_blocked,5000,167,0,0.18944189600006211549,,,
openmp_task_dag_blocked,5000,167,1,0.194538696999643434538,,,
openmp_task_dag_blocked,5000,167,2,0.191737386000113474438,,,
openmp_task_dag_blocked,5000,168,0,0.192941263000193430344,,,
openmp_task_dag_blocked,5000,168,1,0.189399073999993561301,,,
openmp_task_dag_blocked,5000,168,2,0.188533283000197116053,,,
openmp_task_dag_blocked,5000,169,0,0.189221814999655180145,,,
openmp_task_dag_blocked,5000,169,1,0.183600344999831577297,,,
openmp_task_dag_blocked,5000,169,2,0.193479235000268090516,,,
openmp_task_dag_blocked,5000,170,0,0.183885214999918389367,,,
openmp_task_dag_blocked,5000,170,1,0.186048196999763604254,,,
openmp_task_dag_blocked,5000,170,2,0.186413889999585080659,,,
openmp_task_dag_blocked,5000,171,0,0.196462993999830359826,,,
openmp_task_dag_blocked,5000,171,1,0.198232164999808446737,,,
openmp_task_dag_blocked,5000,171,2,0.19492706899973200052,,,
openmp_task_dag_blocked,5000,172,0,0.193063436000102228718,,,
openmp_task_dag_blocked,5000,172,1,0.192278029000135575188,,,
openmp_task_dag_blocked,5000,172,2,0.192573423999874648871,,,
openmp_task_dag_blocked,5000,173,0,0.192153558999962115195,,,
openmp_task_dag_blocked,5000,173,1,0.194033459999900514958,,,
openmp_task_dag_blocked,5000,173,2,0.190781540999978460604,,,
openmp_task_dag_blocked,5000,174,0,0.183543838000332470983,,,
openmp_task_dag_blocked,5000,174,1,0.180030649000400444493,,,
openmp_task_dag_blocked,5000,174,2,0.183074117000160185853,,,
openmp_task_dag_blocked,5000,175,0,0.192461159999766096007,,,
openmp_task_dag_blocked,5000,175,1,0.192863974999909260077,,,
openmp_task_dag_blocked,5000,175,2,0.196354415999849152286,,,
openmp_task_dag_blocked,5000,176,0,0.191115927999817358796,,,
openmp_task_dag_blocked,5000,176,1,0.190958695000063016778,,,
openmp_task_dag_blocked,5000,176,2,0.189019189000191545347,,,
openmp_task_dag_blocked,5000,177,0,0.196586702000331570162,,,
openmp_task_dag_blocked,5000,177,1,0.190134436999869649298,,,
openmp_task_dag_blocked,5000,177,2,0.194598085000052378746,,,
openmp_task_dag_blocked,5000,178,0,0.195620639000026130816,,,
openmp_task_dag_blocked,5000,178,1,0.19006303200012553134,,,
openmp_task_dag_blocked,5000,178,2,0.196833072999652358703,,,
openmp_task_dag_blocked,5000,179,0,0.204619769000146334292,,,
openmp_task_dag_blocked,5000,179,1,0.200466780000169819687,,,
openmp_task_dag_blocked,5000,179,2,0.199989405999986047391,,,
openmp_task_dag_blocked,5000,180,0,0.19423071599976537982,,,
openmp_task_dag_blocked,5000,180,1,0.197954670999934023712,,,
openmp_task_dag_blocked,5000,180,2,0.194091254999875673093,,,
openmp_task_dag_blocked,5000,181,0,0.208932661000289954245,,,
openmp_task_dag_blocked,5000,181,1,0.192170184000133303925,,,
openmp_task_dag_blocked,5000,181,2,0.19720765300007769838,,,
openmp_task_dag_blocked,5000,182,0,0.191195394999795098556,,,
openmp_task_dag_blocked,5000,182,1,0.190011328999844408827,,,
openmp_task_dag_blocked,5000,182,2,0.189026384000044345157,,,
openmp_task_dag_blocked,5000,183,0,0.199716043000080389902,,,
openmp_task_dag_blocked,5000,183,1,0.196148912000353448093,,,
openmp_task_dag_blocked,5000,183,2,0.197548522000033699442,,,
openmp_task_dag_blocked,5000,184,0,0.192060167000363435363,,,
openmp_task_dag_blocked,5000,184,1,0.196888297999976202846,,,
openmp_task_dag_blocked,5000,184,2,0.192541555999923730269,,,
openmp_task_dag_blocked,5000,185,0,0.198400311999648693018,,,
openmp_task_dag_blocked,5000,185,1,0.201074178999988362193,,,
openmp_task_dag_blocked,5000,185,2,0.198714364999887038721,,,
openmp_task_dag_blocked,5000,186,0,0.193312938999952166341,,,
openmp_task_dag_blocked,5000,186,1,0.196497751000151765766,,,
openmp_task_dag_blocked,5000,186,2,0.194467278000047372188,,,
openmp_task_dag_blocked,5000,187,0,0.196770943000046827365,,,
openmp_task_dag_blocked,5000,187,1,0.200176593999913166044,,,
openmp_task_dag_blocked,5000,187,2,0.200838092000140022719,,,
openmp_task_dag_blocked,5000,188,0,0.198050686999977187952,,,
openmp_task_dag_blocked,5000,188,1,0.202804381000078137731,,,
openmp_task_dag_blocked,5000,188,2,0.193632098000307451002,,,
openmp_task_dag_blocked,5000,189,0,0.194741386000259808498,,,
openmp_task_dag_blocked,5000,189,1,0.193166482999913569074,,,
openmp_task_dag_blocked,5000,189,2,0.197408255000027565984,,,
openmp_task_dag_blocked,5000,190,0,0.193137393000142765231,,,
openmp_task_dag_blocked,5000,190,1,0.192870357000174408313,,,
openmp_task_dag_blocked,5000,190,2,0.191915715000050113304,,,
openmp_task_dag_blocked,5000,191,0,0.20104473199990025023,,,
openmp_task_dag_blocked,5000,191,1,0.197568023999792785617,,,
openmp_task_dag_blocked,5000,191,2,0.199007679999795072945,,,
openmp_task_dag_blocked,5000,192,0,0.20124393000014606514,,,
openmp_task_dag_blocked,5000,192,1,0.196117771999979595421,,,
openmp_task_dag_blocked,5000,192,2,0.19643466799971065484,,,
openmp_task_dag_blocked,5000,193,0,0.200491081000109261367,,,
openmp_task_dag_blocked,5000,193,1,0.196786252000038075494,,,
openmp_task_dag_blocked,5000,193,2,0.198802204000003257534,,,
openmp_task_dag_blocked,5000,194,0,0.190643669000110094203,,,
openmp_task_dag_blocked,5000,194,1,0.190773024000009172596,,,
openmp_task_dag_blocked,5000,194,2,0.192356898000070941634,,,
openmp_task_dag_blocked,5000,195,0,0.205538188999980775407,,,
openmp_task_dag_blocked,5000,195,1,0.199086017999889008934,,,
openmp_task_dag_blocked,5000,195,2,0.202597773999968921999,,,
openmp_task_dag_blocked,5000,196,0,0.194562102999952912796,,,
openmp_task_dag_blocked,5000,196,1,0.19346511499998086947,,,
openmp_task_dag_blocked,5000,196,2,0.195642760000282578403,,,
openmp_task_dag_blocked,5000,197,0,0.191385633999743731692,,,
openmp_task_dag_blocked,5000,197,1,0.19464874599998438498,,,
openmp_task_dag_blocked,5000,197,2,0.197429237000051216455,,,
openmp_task_dag_blocked,5000,198,0,0.19290437300014673383,,,
openmp_task_dag_blocked,5000,198,1,0.196474689999831753084,,,
openmp_task_dag_blocked,5000,198,2,0.196033498999895527959,,,
openmp_task_dag_blocked,5000,199,0,0.198402206000082514947,,,
openmp_task_dag_blocked,5000,199,1,0.198960235999948054086,,,
openmp_task_dag_blocked,5000,199,2,0.204268033000062132487,,,
openmp_task_dag_blocked,5000,200,0,0.196874029999889899045,,,
openmp_task_dag_blocked,5000,200,1,0.203455377000409498578,,,
openmp_task_dag_blocked,5000,200,2,0.201646056999834399903,,,
openmp_task_dag_blocked,5000,201,0,0.195232418999694345985,,,
openmp_task_dag_blocked,5000,201,1,0.200361329999850568129,,,
openmp_task_dag_blocked,5000,201,2,0.196351288999721873552,,,
openmp_task_dag_blocked,5000,202,0,0.199631221999879926443,,,
openmp_task_dag_blocked,5000,202,1,0.190471408999655977823,,,
openmp_task_dag_blocked,5000,202,2,0.19757408400027998141,,,
openmp_task_dag_blocked,5000,203,0,0.196305918999769346556,,,
openmp_task_dag_blocked,5000,203,1,0.199819934000061039114,,,
openmp_task_dag_blocked,5000,203,2,0.197265735000200947979,,,
openmp_task_dag_blocked,5000,204,0,0.203340692999972816324,,,
openmp_task_dag_blocked,5000,204,1,0.196285729000010178424,,,
openmp_task_dag_blocked,5000,204,2,0.201364207999631616985,,,
openmp_task_dag_blocked,5000,205,0,0.195943301000170322368,,,
openmp_task_dag_blocked,5000,205,1,0.19778072600001905812,,,
openmp_task_dag_blocked,5000,205,2,0.202207699000155116664,,,
openmp_task_dag_blocked,5000,206,0,0.194208075000005919719,,,
openmp_task_dag_blocked,5000,206,1,0.19368844399969020742,,,
openmp_task_dag_blocked,5000,206,2,0.196158294000269961543,,,
openmp_task_dag_blocked,5000,207,0,0.197786850000284175621,,,
openmp_task_dag_blocked,5000,207,1,0.200975317000029463088,,,
openmp_task_dag_blocked,5000,207,2,0.203751989000011235476,,,
openmp_task_dag_blocked,5000,208,0,0.198106800000005023321,,,
openmp_task_dag_blocked,5000,208,1,0.200534248999701958383,,,
openmp_task_dag_blocked,5000,208,2,0.207458516999849962303,,,
openmp_task_dag_blocked,5000,209,0,0.199673440999958984321,,,
openmp_task_dag_blocked,5000,209,1,0.202028255000186618418,,,
openmp_task_dag_blocked,5000,209,2,0.200780431000112002948,,,
openmp_task_dag_blocked,5000,210,0,0.198906648000047425739,,,
openmp_task_dag_blocked,5000,210,1,0.197609327000009216135,,,
openmp_task_dag_blocked,5000,210,2,0.198912299999847164145,,,
openmp_task_dag_blocked,5000,211,0,0.204654642000150488457,,,
openmp_task_dag_blocked,5000,211,1,0.214600474000235408312,,,
openmp_task_dag_blocked,5000,211,2,0.203374486000029719435,,,
openmp_task_dag_blocked,5000,212,0,0.206811330000164161902,,,
openmp_task_dag_blocked,5000,212,1,0.205018929999823740218,,,
openmp_task_dag_blocked,5000,212,2,0.200793415999669377925,,,
openmp_task_dag_blocked,5000,213,0,0.204120329999568639323,,,
openmp_task_dag_blocked,5000,213,1,0.201255006999872421147,,,
openmp_task_dag_blocked,5000,213,2,0.2007974099997227313,,,
openmp_task_dag_blocked,5000,214,0,0.196798833000229933532,,,
openmp_task_dag_blocked,5000,214,1,0.195951004000107786851,,,
openmp_task_dag_blocked,5000,214,2,0.195097780999731185148,,,
openmp_task_dag_blocked,5000,215,0,0.204944489999888901366,,,
openmp_task_dag_blocked,5000,215,1,0.202156861999810644193,,,
openmp_task_dag_blocked,5000,215,2,0.20479241800012459862,,,
openmp_task_dag_blocked,5000,216,0,0.203597556000204349402,,,
openmp_task_dag_blocked,5000,216,1,0.207780538999941200018,,,
openmp_task_dag_blocked,5000,216,2,0.206797618000109650893,,,
openmp_task_dag_blocked,5000,217,0,0.211300954999842360849,,,
openmp_task_dag_blocked,5000,217,1,0.21168396400025812909,,,
openmp_task_dag_blocked,5000,217,2,0.210572808000051736599,,,
openmp_task_dag_blocked,5000,218,0,0.200338977999763301341,,,
openmp_task_dag_blocked,5000,218,1,0.204492917999687051633,,,
openmp_task_dag_blocked,5000,218,2,0.205614818999947601696,,,
openmp_task_dag_blocked,5000,219,0,0.208580119000089325709,,,
openmp_task_dag_blocked,5000,219,1,0.215433125999879848678,,,
openmp_task_dag_blocked,5000,219,2,0.205369544999939535046,,,
openmp_task_dag_blocked,5000,220,0,0.21177998000030129333,,,
openmp_task_dag_blocked,5000,220,1,0.205637230999855091795,,,
openmp_task_dag_blocked,5000,220,2,0.207382539000263932394,,,
openmp_task_dag_blocked,5000,221,0,0.217058360000009997748,,,
openmp_task_dag_blocked,5000,221,1,0.212148124000123061705,,,
openmp_task_dag_blocked,5000,221,2,0.210923167000146349892,,,
openmp_task_dag_blocked,5000,222,0,0.204368017999968287768,,,
openmp_task_dag_blocked,5000,222,1,0.199351319000015791971,,,
openmp_task_dag_blocked,5000,222,2,0.203233573000034084544,,,
openmp_task_dag_blocked,5000,223,0,0.205527964999873802299,,,
openmp_task_dag_blocked,5000,223,1,0.210517199999685544753,,,
openmp_task_dag_blocked,5000,223,2,0.211591193000003841007,,,
openmp_task_dag_blocked,5000,224,0,0.21003608599994549877,,,
openmp_task_dag_blocked,5000,224,1,0.213458360999993601581,,,
openmp_task_dag_blocked,5000,224,2,0.213589751999734289711,,,
openmp_task_dag_blocked,5000,225,0,0.210951712000223778887,,,
openmp_task_dag_blocked,5000,225,1,0.209497044999807258137,,,
openmp_task_dag_blocked,5000,225,2,0.208955498999785049818,,,
openmp_task_dag_blocked,5000,226,0,0.214028715999575069873,,,
openmp_task_dag_blocked,5000,226,1,0.20645924800010106992,,,
openmp_task_dag_blocked,5000,226,2,0.205944029999955091625,,,
openmp_task_dag_blocked,5000,227,0,0.206202440999732061755,,,
openmp_task_dag_blocked,5000,227,1,0.213123201000144035788,,,
openmp_task_dag_blocked,5000,227,2,0.207072077999782777624,,,
openmp_task_dag_blocked,5000,228,0,0.211143392999929346843,,,
openmp_task_dag_blocked,5000,228,1,0.218471517999660136411,,,
openmp_task_dag_blocked,5000,228,2,0.216879971000253135571,,,
openmp_task_dag_blocked,5000,229,0,0.213929129999996803235,,,
openmp_task_dag_blocked,5000,229,1,0.20967737799992391956,,,
openmp_task_dag_blocked,5000,229,2,0.213069470999926124932,,,
openmp_task_dag_blocked,5000,230,0,0.203429702999983419431,,,
openmp_task_dag_blocked,5000,230,1,0.201535753999905864475,,,
openmp_task_dag_blocked,5000,230,2,0.200296381000043766107,,,
openmp_task_dag_blocked,5000,231,0,0.21055452100017646444,,,
openmp_task_dag_blocked,5000,231,1,0.207196759999987989431,,,
openmp_task_dag_blocked,5000,231,2,0.208969083999818394659,,,
openmp_task_dag_blocked,5000,232,0,0.212996697000107815256,,,
openmp_task_dag_blocked,5000,232,1,0.22099928600027851644,,,
openmp_task_dag_blocked,5000,232,2,0.218922385000041685998,,,
openmp_task_dag_blocked,5000,233,0,0.211818978000337665435,,,
openmp_task_dag_blocked,5000,233,1,0.203345247000015660888,,,
openmp_task_dag_blocked,5000,233,2,0.208006726999883539975,,,
openmp_task_dag_blocked,5000,234,0,0.20523005099994406919,,,
openmp_task_dag_blocked,5000,234,1,0.203257372000280156499,,,
openmp_task_dag_blocked,5000,234,2,0.204927096000119490782,,,
openmp_task_dag_blocked,5000,235,0,0.212963046999902871903,,,
openmp_task_dag_blocked,5000,235,1,0.219862967000153730623,,,
openmp_task_dag_blocked,5000,235,2,0.217889049999939743429,,,
openmp_task_dag_blocked,5000,236,0,0.220583168999837653246,,,
openmp_task_dag_blocked,5000,236,1,0.219958458000292012002,,,
openmp_task_dag_blocked,5000,236,2,0.21838650100016820943,,,
openmp_task_dag_blocked,5000,237,0,0.215970030999869777588,,,
openmp_task_dag_blocked,5000,237,1,0.210331809000308567192,,,
openmp_task_dag_blocked,5000,237,2,0.21254434100001162733,,,
openmp_task_dag_blocked,5000,238,0,0.209095767000235355226,,,
openmp_task_dag_blocked,5000,238,1,0.210901490999731322518,,,
openmp_task_dag_blocked,5000,238,2,0.205615004999799566576,,,
openmp_task_dag_blocked,5000,239,0,0.222044765000191546278,,,
openmp_task_dag_blocked,5000,239,1,0.220541358999980730005,,,
openmp_task_dag_blocked,5000,239,2,0.220034442000269336859,,,
openmp_task_dag_blocked,5000,240,0,0.223989660000370349735,,,
openmp_task_dag_blocked,5000,240,1,0.219012695999936113367,,,
openmp_task_dag_blocked,5000,240,2,0.219678401000237499829,,,
openmp_task_dag_blocked,5000,241,0,0.214657302999967214419,,,
openmp_task_dag_blocked,5000,241,1,0.218003952000344725093,,,
openmp_task_dag_blocked,5000,241,2,0.212881484999797976343,,,
openmp_task_dag_blocked,5000,242,0,0.212054963000355201075,,,
openmp_task_dag_blocked,5000,242,1,0.213814877000004344154,,,
openmp_task_dag_blocked,5000,242,2,0.206128627999987656949,,,
openmp_task_dag_blocked,5000,243,0,0.217307086999880993972,,,
openmp_task_dag_blocked,5000,243,1,0.216791837000073428499,,,
openmp_task_dag_blocked,5000,243,2,0.220907998000257066451,,,
openmp_task_dag_blocked,5000,244,0,0.223645039000075485092,,,
openmp_task_dag_blocked,5000,244,1,0.223815352999736205675,,,
openmp_task_dag_blocked,5000,244,2,0.227164958999765076442,,,
openmp_task_dag_blocked,5000,245,0,0.214218879000327433459,,,
openmp_task_dag_blocked,5000,245,1,0.215401393999854917638,,,
openmp_task_dag_blocked,5000,245,2,0.215817647999756445643,,,
openmp_task_dag_blocked,5000,246,0,0.211988517000008869218,,,
openmp_task_dag_blocked,5000,246,1,0.205591309999817895005,,,
openmp_task_dag_blocked,5000,246,2,0.21133113399991998449,,,
openmp_task_dag_blocked,5000,247,0,0.222236330000214366009,,,
openmp_task_dag_blocked,5000,247,1,0.218096375000186526449,,,
openmp_task_dag_blocked,5000,247,2,0.224640028000067104585,,,
openmp_task_dag_blocked,5000,248,0,0.227548551999916526256,,,
openmp_task_dag_blocked,5000,248,1,0.233153513999695860548,,,
openmp_task_dag_blocked,5000,248,2,0.222248032000152306864,,,
openmp_task_dag_blocked,5000,249,0,0.222952082000119844452,,,
openmp_task_dag_blocked,5000,249,1,0.237628049000250030076,,,
openmp_task_dag_blocked,5000,249,2,0.214535224999963247683,,,
openmp_task_dag_blocked,5000,250,0,0.217093276000014157034,,,
openmp_task_dag_blocked,5000,250,1,0.213695832000212249113,,,
openmp_task_dag_blocked,5000,250,2,0.228488812000250618439,,,
